ID,time,MRGSIM,NONMEM,diff
1,0,0,0,0
1,0,0,0,0
1,1,3754.4,3754.4,0
1,2,4391.2,4391.2,0
1,3,4343.2,4343.2,0
1,4,4152.5,4152.5,0
1,5,3939.5,3939.5,0
1,6,3730.8,3730.8,0
1,7,3531.6,3531.6,0
1,8,3342.7,3342.7,0
1,9,3163.9,3163.9,0
1,10,2994.5,2994.5,0
1,11,2834.3,2834.3,0
1,12,2682.6,2682.6,0
1,13,2539.1,2539.1,0
1,14,2403.2,2403.2,0
1,15,2274.6,2274.6,0
1,16,2152.9,2152.9,0
1,17,2037.6,2037.6,0
1,18,1928.6,1928.6,0
1,19,1825.4,1825.4,0
1,20,1727.7,1727.7,0
1,21,1635.2,1635.2,0
1,22,1547.7,1547.7,0
1,23,1464.9,1464.9,0
1,24,1386.5,1386.5,0
1,25,5066.8,5066.8,0
1,26,5633.3,5633.3,0
1,27,5518.8,5518.8,0
1,28,5265.2,5265.2,0
1,29,4992.7,4992.7,0
1,30,4727.6,4727.6,0
1,31,4475.1,4475.1,0
1,32,4235.7,4235.7,0
1,33,4009,4009,0
1,34,3794.5,3794.5,0
1,35,3591.4,3591.4,0
1,36,3399.2,3399.2,0
1,37,3217.3,3217.3,0
1,38,3045.2,3045.2,0
1,39,2882.2,2882.2,0
1,40,2728,2728,0
1,41,2582,2582,0
1,42,2443.8,2443.8,0
1,43,2313,2313,0
1,44,2189.2,2189.2,0
1,45,2072.1,2072.1,0
1,46,1961.2,1961.2,0
1,47,1856.2,1856.2,0
1,48,1756.9,1756.9,0
1,49,5417.3,5417.3,0
1,50,5965.1,5965.1,0
1,51,5832.8,5832.8,0
1,52,5562.4,5562.4,0
1,53,5274,5274,0
1,54,4993.9,4993.9,0
1,55,4727.1,4727.1,0
1,56,4474.2,4474.2,0
1,57,4234.8,4234.8,0
1,58,4008.2,4008.2,0
1,59,3793.7,3793.7,0
1,60,3590.7,3590.7,0
1,61,3398.5,3398.5,0
1,62,3216.7,3216.7,0
1,63,3044.5,3044.5,0
1,64,2881.6,2881.6,0
1,65,2727.4,2727.4,0
1,66,2581.4,2581.4,0
1,67,2443.3,2443.3,0
1,68,2312.5,2312.5,0
1,69,2188.8,2188.8,0
1,70,2071.6,2071.6,0
1,71,1960.8,1960.8,0
1,72,1855.8,1855.8,0
1,73,5511,5511,0
1,74,6053.8,6053.8,0
1,75,5916.7,5916.7,0
1,76,5641.8,5641.8,0
1,77,5349.2,5349.2,0
1,78,5065,5065,0
1,79,4794.4,4794.4,0
1,80,4538,4538,0
1,81,4295.1,4295.1,0
1,82,4065.3,4065.3,0
1,83,3847.7,3847.7,0
1,84,3641.8,3641.8,0
1,85,3446.9,3446.9,0
1,86,3262.5,3262.5,0
1,87,3087.9,3087.9,0
1,88,2922.6,2922.6,0
1,89,2766.2,2766.2,0
1,90,2618.2,2618.2,0
1,91,2478.1,2478.1,0
1,92,2345.5,2345.5,0
1,93,2219.9,2219.9,0
1,94,2101.1,2101.1,0
1,95,1988.7,1988.7,0
1,96,1882.3,1882.3,0
1,97,1781.5,1781.5,0
1,98,1686.2,1686.2,0
1,99,1596,1596,0
1,100,1510.6,1510.6,0
1,101,1429.7,1429.7,0
1,102,1353.2,1353.2,0
1,103,1280.8,1280.8,0
1,104,1212.3,1212.3,0
1,105,1147.4,1147.4,0
1,106,1086,1086,0
1,107,1027.9,1027.9,0
1,108,972.86,972.86,0
1,109,920.8,920.8,0
1,110,871.52,871.52,0
1,111,824.88,824.88,0
1,112,780.74,780.74,0
1,113,738.96,738.96,0
1,114,699.41,699.41,0
1,115,661.98,661.98,0
1,116,626.56,626.56,0
1,117,593.03,593.03,0
1,118,561.29,561.29,0
1,119,531.25,531.25,0
1,120,502.82,502.82,0
1,121,475.91,475.91,0
1,122,450.45,450.45,0
1,123,426.34,426.34,0
1,124,403.52,403.52,0
1,125,381.93,381.93,0
1,126,361.49,361.49,0
1,127,342.15,342.15,0
1,128,323.84,323.84,0
1,129,306.51,306.51,0
1,130,290.1,290.1,0
2,0,0,0,0
2,0,0,0,0
2,1,0,0,0
2,2,0,0,0
2,3,0,0,0
2,4,0,0,0
2,5,0,0,0
2,6,0,0,0
2,7,0,0,0
2,8,0,0,0
2,9,0,0,0
2,10,0,0,0
2,11,0,0,0
2,12,0,0,0
2,13,10629,10629,0
2,14,10060,10060,0
2,15,9521.9,9521.9,0
2,16,9012.3,9012.3,0
2,17,8530,8530,0
2,18,8073.5,8073.5,0
2,19,7641.5,7641.5,0
2,20,7232.5,7232.5,0
2,21,6845.5,6845.5,0
2,22,6479.2,6479.2,0
2,23,6132.4,6132.4,0
2,24,5804.2,5804.2,0
2,25,5493.6,5493.6,0
2,26,5199.6,5199.6,0
2,27,4921.4,4921.4,0
2,28,4658,4658,0
2,29,4408.7,4408.7,0
2,30,4172.8,4172.8,0
2,31,3949.5,3949.5,0
2,32,3738.1,3738.1,0
2,33,3538.1,3538.1,0
2,34,3348.8,3348.8,0
2,35,3169.5,3169.5,0
2,36,2999.9,2999.9,0
2,37,13468,13468,0
2,38,12748,12748,0
2,39,12065,12065,0
2,40,11420,11420,0
2,41,10809,10809,0
2,42,10230,10230,0
2,43,9682.8,9682.8,0
2,44,9164.6,9164.6,0
2,45,8674.2,8674.2,0
2,46,8210,8210,0
2,47,7770.6,7770.6,0
2,48,7354.8,7354.8,0
2,49,6961.2,6961.2,0
2,50,6588.6,6588.6,0
2,51,6236.1,6236.1,0
2,52,5902.3,5902.3,0
2,53,5586.5,5586.5,0
2,54,5287.5,5287.5,0
2,55,5004.6,5004.6,0
2,56,4736.7,4736.7,0
2,57,4483.2,4483.2,0
2,58,4243.3,4243.3,0
2,59,4016.2,4016.2,0
2,60,3801.3,3801.3,0
2,61,14227,14227,0
2,62,13466,13466,0
2,63,12745,12745,0
2,64,12063,12063,0
2,65,11417,11417,0
2,66,10806,10806,0
2,67,10228,10228,0
2,68,9680.7,9680.7,0
2,69,9162.7,9162.7,0
2,70,8672.3,8672.3,0
2,71,8208.2,8208.2,0
2,72,7769,7769,0
2,73,7353.2,7353.2,0
2,74,6959.7,6959.7,0
2,75,6587.3,6587.3,0
2,76,6234.7,6234.7,0
2,77,5901.1,5901.1,0
2,78,5585.3,5585.3,0
2,79,5286.4,5286.4,0
2,80,5003.5,5003.5,0
2,81,4735.7,4735.7,0
2,82,4482.3,4482.3,0
2,83,4242.4,4242.4,0
2,84,4015.4,4015.4,0
2,85,14430,14430,0
2,86,13657,13657,0
2,87,12926,12926,0
2,88,12235,12235,0
2,89,11580,11580,0
2,90,10960,10960,0
2,91,10374,10374,0
2,92,9818.6,9818.6,0
2,93,9293.2,9293.2,0
2,94,8795.8,8795.8,0
2,95,8325.1,8325.1,0
2,96,7879.6,7879.6,0
2,97,7457.9,7457.9,0
2,98,7058.8,7058.8,0
2,99,6681.1,6681.1,0
2,100,6323.5,6323.5,0
2,101,5985.1,5985.1,0
2,102,5664.8,5664.8,0
2,103,5361.7,5361.7,0
2,104,5074.8,5074.8,0
2,105,4803.2,4803.2,0
2,106,4546.1,4546.1,0
2,107,4302.9,4302.9,0
2,108,4072.6,4072.6,0
2,109,3854.6,3854.6,0
2,110,3648.4,3648.4,0
2,111,3453.1,3453.1,0
2,112,3268.3,3268.3,0
2,113,3093.4,3093.4,0
2,114,2927.9,2927.9,0
2,115,2771.2,2771.2,0
2,116,2622.9,2622.9,0
2,117,2482.5,2482.5,0
2,118,2349.7,2349.7,0
2,119,2223.9,2223.9,0
2,120,2104.9,2104.9,0
2,121,1992.3,1992.3,0
2,122,1885.7,1885.7,0
2,123,1784.7,1784.7,0
2,124,1689.2,1689.2,0
2,125,1598.8,1598.8,0
2,126,1513.3,1513.3,0
2,127,1432.3,1432.3,0
2,128,1355.6,1355.6,0
2,129,1283.1,1283.1,0
2,130,1214.4,1214.4,0
3,0,0,0,0
3,0,0,0,0
3,1,486.5,486.5,0
3,2,946.96,946.96,0
3,3,1382.8,1382.8,0
3,4,1795.3,1795.3,0
3,5,2185.7,2185.7,0
3,6,2555.2,2555.2,0
3,7,2905,2905,0
3,8,3236,3236,0
3,9,3549.4,3549.4,0
3,10,3845.9,3845.9,0
3,11,3640.1,3640.1,0
3,12,3445.3,3445.3,0
3,13,3260.9,3260.9,0
3,14,3086.4,3086.4,0
3,15,2921.2,2921.2,0
3,16,2764.9,2764.9,0
3,17,2617,2617,0
3,18,2476.9,2476.9,0
3,19,2344.4,2344.4,0
3,20,2218.9,2218.9,0
3,21,2100.2,2100.2,0
3,22,1987.8,1987.8,0
3,23,1881.4,1881.4,0
3,24,1780.7,1780.7,0
3,25,2171.9,2171.9,0
3,26,2542.2,2542.2,0
3,27,2892.6,2892.6,0
3,28,3224.3,3224.3,0
3,29,3538.3,3538.3,0
3,30,3835.4,3835.4,0
3,31,4116.7,4116.7,0
3,32,4382.9,4382.9,0
3,33,4634.8,4634.8,0
3,34,4873.3,4873.3,0
3,35,4612.5,4612.5,0
3,36,4365.7,4365.7,0
3,37,4132,4132,0
3,38,3910.9,3910.9,0
3,39,3701.6,3701.6,0
3,40,3503.5,3503.5,0
3,41,3316,3316,0
3,42,3138.6,3138.6,0
3,43,2970.6,2970.6,0
3,44,2811.6,2811.6,0
3,45,2661.2,2661.2,0
3,46,2518.8,2518.8,0
3,47,2384,2384,0
3,48,2256.4,2256.4,0
3,49,2622.1,2622.1,0
3,50,2968.3,2968.3,0
3,51,3296,3296,0
3,52,3606.1,3606.1,0
3,53,3899.6,3899.6,0
3,54,4177.4,4177.4,0
3,55,4440.4,4440.4,0
3,56,4689.2,4689.2,0
3,57,4924.8,4924.8,0
3,58,5147.7,5147.7,0
3,59,4872.3,4872.3,0
3,60,4611.5,4611.5,0
3,61,4364.7,4364.7,0
3,62,4131.2,4131.2,0
3,63,3910.1,3910.1,0
3,64,3700.8,3700.8,0
3,65,3502.8,3502.8,0
3,66,3315.3,3315.3,0
3,67,3137.9,3137.9,0
3,68,2970,2970,0
3,69,2811,2811,0
3,70,2660.6,2660.6,0
3,71,2518.2,2518.2,0
3,72,2383.5,2383.5,0
3,73,2742.4,2742.4,0
3,74,3082.2,3082.2,0
3,75,3403.7,3403.7,0
3,76,3708.1,3708.1,0
3,77,3996.1,3996.1,0
3,78,4268.8,4268.8,0
3,79,4526.8,4526.8,0
3,80,4771.1,4771.1,0
3,81,5002.2,5002.2,0
3,82,5221.1,5221.1,0
3,83,4941.6,4941.6,0
3,84,4677.2,4677.2,0
3,85,4426.9,4426.9,0
3,86,4190,4190,0
3,87,3965.8,3965.8,0
3,88,3753.5,3753.5,0
3,89,3552.7,3552.7,0
3,90,3362.5,3362.5,0
3,91,3182.6,3182.6,0
3,92,3012.3,3012.3,0
3,93,2851.1,2851.1,0
3,94,2698.5,2698.5,0
3,95,2554.1,2554.1,0
3,96,2417.4,2417.4,0
3,97,2288,2288,0
3,98,2165.6,2165.6,0
3,99,2049.7,2049.7,0
3,100,1940,1940,0
3,101,1836.2,1836.2,0
3,102,1737.9,1737.9,0
3,103,1644.9,1644.9,0
3,104,1556.9,1556.9,0
3,105,1473.6,1473.6,0
3,106,1394.7,1394.7,0
3,107,1320.1,1320.1,0
3,108,1249.4,1249.4,0
3,109,1182.6,1182.6,0
3,110,1119.3,1119.3,0
3,111,1059.4,1059.4,0
3,112,1002.7,1002.7,0
3,113,949.04,949.04,0
3,114,898.26,898.26,0
3,115,850.19,850.19,0
3,116,804.69,804.69,0
3,117,761.63,761.63,0
3,118,720.87,720.87,0
3,119,682.29,682.29,0
3,120,645.78,645.78,0
3,121,611.22,611.22,0
3,122,578.51,578.51,0
3,123,547.55,547.55,0
3,124,518.25,518.25,0
3,125,490.51,490.51,0
3,126,464.26,464.26,0
3,127,439.42,439.42,0
3,128,415.9,415.9,0
3,129,393.65,393.65,0
3,130,372.58,372.58,0
4,0,0,0,0
4,0,0,0,0
4,1,486.5,486.5,0
4,2,946.96,946.96,0
4,3,1382.8,1382.8,0
4,4,1795.3,1795.3,0
4,5,2185.7,2185.7,0
4,6,2555.2,2555.2,0
4,7,2905,2905,0
4,8,3236,3236,0
4,9,3549.4,3549.4,0
4,10,3845.9,3845.9,0
4,11,4126.6,4126.6,0
4,12,4392.3,4392.3,0
4,13,4643.7,4643.7,0
4,14,4881.7,4881.7,0
4,15,5107,5107,0
4,16,5320.2,5320.2,0
4,17,5521.9,5521.9,0
4,18,5712.9,5712.9,0
4,19,5893.7,5893.7,0
4,20,6064.8,6064.8,0
4,21,6226.7,6226.7,0
4,22,6380,6380,0
4,23,6525.1,6525.1,0
4,24,6662.4,6662.4,0
4,25,6305.9,6305.9,0
4,26,5968.4,5968.4,0
4,27,5649,5649,0
4,28,5346.7,5346.7,0
4,29,5060.6,5060.6,0
4,30,4789.8,4789.8,0
4,31,4533.4,4533.4,0
4,32,4290.8,4290.8,0
4,33,4061.2,4061.2,0
4,34,3843.9,3843.9,0
4,35,3638.2,3638.2,0
4,36,3443.5,3443.5,0
4,37,3259.2,3259.2,0
4,38,3084.8,3084.8,0
4,39,2919.7,2919.7,0
4,40,2763.5,2763.5,0
4,41,2615.6,2615.6,0
4,42,2475.6,2475.6,0
4,43,2343.1,2343.1,0
4,44,2217.7,2217.7,0
4,45,2099,2099,0
4,46,1986.7,1986.7,0
4,47,1880.4,1880.4,0
4,48,1779.8,1779.8,0
4,49,1684.5,1684.5,0
4,50,1594.4,1594.4,0
4,51,1509.1,1509.1,0
4,52,1428.3,1428.3,0
4,53,1351.9,1351.9,0
4,54,1279.5,1279.5,0
4,55,1211,1211,0
4,56,1146.2,1146.2,0
4,57,1084.9,1084.9,0
4,58,1026.8,1026.8,0
4,59,971.88,971.88,0
4,60,919.87,919.87,0
4,61,870.65,870.65,0
4,62,824.05,824.05,0
4,63,779.95,779.95,0
4,64,738.22,738.22,0
4,65,698.71,698.71,0
4,66,661.32,661.32,0
4,67,625.93,625.93,0
4,68,592.43,592.43,0
4,69,560.73,560.73,0
4,70,530.72,530.72,0
4,71,502.32,502.32,0
4,72,475.44,475.44,0
4,73,449.99,449.99,0
4,74,425.91,425.91,0
4,75,403.12,403.12,0
4,76,381.55,381.55,0
4,77,361.13,361.13,0
4,78,341.8,341.8,0
4,79,323.51,323.51,0
4,80,306.2,306.2,0
4,81,289.81,289.81,0
4,82,274.3,274.3,0
4,83,259.62,259.62,0
4,84,245.73,245.73,0
4,85,232.58,232.58,0
4,86,220.13,220.13,0
4,87,208.35,208.35,0
4,88,197.2,197.2,0
4,89,186.65,186.65,0
4,90,176.66,176.66,0
4,91,167.21,167.21,0
4,92,158.26,158.26,0
4,93,149.79,149.79,0
4,94,141.77,141.77,0
4,95,134.19,134.19,0
4,96,127.01,127.01,0
4,97,120.21,120.21,0
4,98,113.78,113.78,0
4,99,107.69,107.69,0
4,100,101.92,101.92,0
4,101,96.47,96.47,0
4,102,91.308,91.308,0
4,103,86.421,86.421,0
4,104,81.797,81.797,0
4,105,77.419,77.419,0
4,106,73.276,73.276,0
4,107,69.355,69.355,0
4,108,65.643,65.643,0
4,109,62.13,62.13,0
4,110,58.806,58.806,0
4,111,55.659,55.659,0
4,112,52.68,52.68,0
4,113,49.861,49.861,0
4,114,47.193,47.193,0
4,115,44.667,44.667,0
4,116,42.277,42.277,0
4,117,40.014,40.014,0
4,118,37.873,37.873,0
4,119,35.846,35.846,0
4,120,33.928,33.928,0
4,121,32.112,32.112,0
4,122,30.394,30.394,0
4,123,28.767,28.767,0
4,124,27.228,27.228,0
4,125,25.771,25.771,0
4,126,24.392,24.392,0
4,127,23.086,23.086,0
4,128,21.851,21.851,0
4,129,20.681,20.681,0
4,130,19.575,19.575,0
5,0,0,0,0
5,0,0,0,0
5,1,243.25,243.25,0
5,2,473.48,473.48,0
5,3,691.39,691.39,0
5,4,897.64,897.64,0
5,5,1092.9,1092.9,0
5,6,1277.6,1277.6,0
5,7,1452.5,1452.5,0
5,8,1618,1618,0
5,9,1774.7,1774.7,0
5,10,1923,1923,0
5,11,2063.3,2063.3,0
5,12,2196.1,2196.1,0
5,13,2321.9,2321.9,0
5,14,2440.8,2440.8,0
5,15,2553.5,2553.5,0
5,16,2660.1,2660.1,0
5,17,2761,2761,0
5,18,2856.5,2856.5,0
5,19,2946.9,2946.9,0
5,20,3032.4,3032.4,0
5,21,3113.4,3113.4,0
5,22,3190,3190,0
5,23,3262.5,3262.5,0
5,24,3331.2,3331.2,0
5,25,3396.2,3396.2,0
5,26,3457.7,3457.7,0
5,27,3515.9,3515.9,0
5,28,3571,3571,0
5,29,3623.1,3623.1,0
5,30,3672.5,3672.5,0
5,31,3719.2,3719.2,0
5,32,3763.4,3763.4,0
5,33,3805.3,3805.3,0
5,34,3844.9,3844.9,0
5,35,3882.4,3882.4,0
5,36,3917.9,3917.9,0
5,37,3951.5,3951.5,0
5,38,3983.2,3983.2,0
5,39,4013.3,4013.3,0
5,40,4041.8,4041.8,0
5,41,4068.8,4068.8,0
5,42,4094.3,4094.3,0
5,43,4118.4,4118.4,0
5,44,4141.3,4141.3,0
5,45,4162.9,4162.9,0
5,46,4183.4,4183.4,0
5,47,4202.7,4202.7,0
5,48,4221.1,4221.1,0
5,49,3995.2,3995.2,0
5,50,3781.4,3781.4,0
5,51,3579,3579,0
5,52,3387.5,3387.5,0
5,53,3206.2,3206.2,0
5,54,3034.6,3034.6,0
5,55,2872.2,2872.2,0
5,56,2718.5,2718.5,0
5,57,2573.1,2573.1,0
5,58,2435.4,2435.4,0
5,59,2305,2305,0
5,60,2181.7,2181.7,0
5,61,2064.9,2064.9,0
5,62,1954.4,1954.4,0
5,63,1849.8,1849.8,0
5,64,1750.8,1750.8,0
5,65,1657.1,1657.1,0
5,66,1568.5,1568.5,0
5,67,1484.5,1484.5,0
5,68,1405.1,1405.1,0
5,69,1329.9,1329.9,0
5,70,1258.7,1258.7,0
5,71,1191.4,1191.4,0
5,72,1127.6,1127.6,0
5,73,1067.3,1067.3,0
5,74,1010.1,1010.1,0
5,75,956.09,956.09,0
5,76,904.92,904.92,0
5,77,856.49,856.49,0
5,78,810.66,810.66,0
5,79,767.28,767.28,0
5,80,726.22,726.22,0
5,81,687.35,687.35,0
5,82,650.57,650.57,0
5,83,615.75,615.75,0
5,84,582.8,582.8,0
5,85,551.61,551.61,0
5,86,522.09,522.09,0
5,87,494.15,494.15,0
5,88,467.71,467.71,0
5,89,442.68,442.68,0
5,90,418.99,418.99,0
5,91,396.57,396.57,0
5,92,375.35,375.35,0
5,93,355.26,355.26,0
5,94,336.25,336.25,0
5,95,318.25,318.25,0
5,96,301.22,301.22,0
5,97,285.1,285.1,0
5,98,269.84,269.84,0
5,99,255.4,255.4,0
5,100,241.74,241.74,0
5,101,228.8,228.8,0
5,102,216.56,216.56,0
5,103,204.97,204.97,0
5,104,194,194,0
5,105,183.62,183.62,0
5,106,173.79,173.79,0
5,107,164.49,164.49,0
5,108,155.69,155.69,0
5,109,147.36,147.36,0
5,110,139.47,139.47,0
5,111,132.01,132.01,0
5,112,124.94,124.94,0
5,113,118.26,118.26,0
5,114,111.93,111.93,0
5,115,105.94,105.94,0
5,116,100.27,100.27,0
5,117,94.902,94.902,0
5,118,89.824,89.824,0
5,119,85.017,85.017,0
5,120,80.467,80.467,0
5,121,76.161,76.161,0
5,122,72.085,72.085,0
5,123,68.227,68.227,0
5,124,64.576,64.576,0
5,125,61.121,61.121,0
5,126,57.85,57.85,0
5,127,54.754,54.754,0
5,128,51.824,51.824,0
5,129,49.05,49.05,0
5,130,46.425,46.425,0
6,0,0,0,0
6,0,0,0,0
6,1,196.84,196.84,0
6,2,545.18,545.18,0
6,3,911.03,911.03,0
6,4,1265.4,1265.4,0
6,5,1602.6,1602.6,0
6,6,1922.1,1922.1,0
6,7,2224.6,2224.6,0
6,8,2511,2511,0
6,9,2782,2782,0
6,10,3038.6,3038.6,0
6,11,3281.4,3281.4,0
6,12,3511.2,3511.2,0
6,13,3531.9,3531.9,0
6,14,3389.4,3389.4,0
6,15,3218.4,3218.4,0
6,16,3048.5,3048.5,0
6,17,2885.9,2885.9,0
6,18,2731.5,2731.5,0
6,19,2585.4,2585.4,0
6,20,2447,2447,0
6,21,2316.1,2316.1,0
6,22,2192.1,2192.1,0
6,23,2074.8,2074.8,0
6,24,1963.8,1963.8,0
6,25,2055.5,2055.5,0
6,26,2304.4,2304.4,0
6,27,2576.1,2576.1,0
6,28,2841.4,2841.4,0
6,29,3094.2,3094.2,0
6,30,3333.9,3333.9,0
6,31,3560.9,3560.9,0
6,32,3775.7,3775.7,0
6,33,3979.1,3979.1,0
6,34,4171.6,4171.6,0
6,35,4353.7,4353.7,0
6,36,4526.2,4526.2,0
6,37,4492.5,4492.5,0
6,38,4298.7,4298.7,0
6,39,4079,4079,0
6,40,3863,3863,0
6,41,3656.8,3656.8,0
6,42,3461.2,3461.2,0
6,43,3276,3276,0
6,44,3100.7,3100.7,0
6,45,2934.8,2934.8,0
6,46,2777.7,2777.7,0
6,47,2629.1,2629.1,0
6,48,2488.4,2488.4,0
6,49,2552.1,2552.1,0
6,50,2774.4,2774.4,0
6,51,3020.9,3020.9,0
6,52,3262.4,3262.4,0
6,53,3492.7,3492.7,0
6,54,3711.1,3711.1,0
6,55,3917.9,3917.9,0
6,56,4113.6,4113.6,0
6,57,4298.9,4298.9,0
6,58,4474.2,4474.2,0
6,59,4640.2,4640.2,0
6,60,4797.3,4797.3,0
6,61,4749.2,4749.2,0
6,62,4541.6,4541.6,0
6,63,4308.9,4308.9,0
6,64,4080.6,4080.6,0
6,65,3862.8,3862.8,0
6,66,3656.2,3656.2,0
6,67,3460.5,3460.5,0
6,68,3275.4,3275.4,0
6,69,3100.1,3100.1,0
6,70,2934.2,2934.2,0
6,71,2777.2,2777.2,0
6,72,2628.5,2628.5,0
6,73,2684.7,2684.7,0
6,74,2899.9,2899.9,0
6,75,3139.7,3139.7,0
6,76,3374.8,3374.8,0
6,77,3599.1,3599.1,0
6,78,3811.8,3811.8,0
6,79,4013.2,4013.2,0
6,80,4203.9,4203.9,0
6,81,4384.3,4384.3,0
6,82,4555.1,4555.1,0
6,83,4716.7,4716.7,0
6,84,4869.7,4869.7,0
6,85,4817.7,4817.7,0
6,86,4606.4,4606.4,0
6,87,4370.3,4370.3,0
6,88,4138.8,4138.8,0
6,89,3917.8,3917.8,0
6,90,3708.2,3708.2,0
6,91,3509.8,3509.8,0
6,92,3322,3322,0
6,93,3144.2,3144.2,0
6,94,2976,2976,0
6,95,2816.7,2816.7,0
6,96,2666,2666,0
6,97,2523.3,2523.3,0
6,98,2388.3,2388.3,0
6,99,2260.5,2260.5,0
6,100,2139.5,2139.5,0
6,101,2025,2025,0
6,102,1916.6,1916.6,0
6,103,1814.1,1814.1,0
6,104,1717,1717,0
6,105,1625.1,1625.1,0
6,106,1538.1,1538.1,0
6,107,1455.8,1455.8,0
6,108,1377.9,1377.9,0
6,109,1304.2,1304.2,0
6,110,1234.4,1234.4,0
6,111,1168.3,1168.3,0
6,112,1105.8,1105.8,0
6,113,1046.6,1046.6,0
6,114,990.61,990.61,0
6,115,937.6,937.6,0
6,116,887.42,887.42,0
6,117,839.93,839.93,0
6,118,794.98,794.98,0
6,119,752.44,752.44,0
6,120,712.17,712.17,0
6,121,674.06,674.06,0
6,122,637.99,637.99,0
6,123,603.85,603.85,0
6,124,571.53,571.53,0
6,125,540.95,540.95,0
6,126,512,512,0
6,127,484.6,484.6,0
6,128,458.67,458.67,0
6,129,434.12,434.12,0
6,130,410.89,410.89,0
7,0,0,0,0
7,0,0,0,0
7,1,0,0,0
7,2,0,0,0
7,3,0,0,0
7,4,0,0,0
7,5,415.22,415.22,0
7,6,879.5,879.5,0
7,7,1318.9,1318.9,0
7,8,1734.8,1734.8,0
7,9,2128.5,2128.5,0
7,10,2501.1,2501.1,0
7,11,2853.7,2853.7,0
7,12,3187.5,3187.5,0
7,13,3503.4,3503.4,0
7,14,3802.5,3802.5,0
7,15,3670.3,3670.3,0
7,16,3473.8,3473.8,0
7,17,3287.9,3287.9,0
7,18,3112,3112,0
7,19,2945.4,2945.4,0
7,20,2787.8,2787.8,0
7,21,2638.6,2638.6,0
7,22,2497.4,2497.4,0
7,23,2363.8,2363.8,0
7,24,2237.3,2237.3,0
7,25,2117.6,2117.6,0
7,26,2004.2,2004.2,0
7,27,1897,1897,0
7,28,1795.5,1795.5,0
7,29,2114.6,2114.6,0
7,30,2487.9,2487.9,0
7,31,2841.3,2841.3,0
7,32,3175.7,3175.7,0
7,33,3492.3,3492.3,0
7,34,3791.9,3791.9,0
7,35,4075.5,4075.5,0
7,36,4343.9,4343.9,0
7,37,4597.9,4597.9,0
7,38,4838.4,4838.4,0
7,39,4650.7,4650.7,0
7,40,4401.8,4401.8,0
7,41,4166.3,4166.3,0
7,42,3943.3,3943.3,0
7,43,3732.3,3732.3,0
7,44,3532.5,3532.5,0
7,45,3343.5,3343.5,0
7,46,3164.6,3164.6,0
7,47,2995.2,2995.2,0
7,48,2834.9,2834.9,0
7,49,2683.2,2683.2,0
7,50,2539.6,2539.6,0
7,51,2403.7,2403.7,0
7,52,2275.1,2275.1,0
7,53,2568.6,2568.6,0
7,54,2917.6,2917.6,0
7,55,3248,3248,0
7,56,3560.6,3560.6,0
7,57,3856.6,3856.6,0
7,58,4136.7,4136.7,0
7,59,4401.8,4401.8,0
7,60,4652.8,4652.8,0
7,61,4890.3,4890.3,0
7,62,5115.1,5115.1,0
7,63,4912.6,4912.6,0
7,64,4649.7,4649.7,0
7,65,4400.9,4400.9,0
7,66,4165.4,4165.4,0
7,67,3942.5,3942.5,0
7,68,3731.5,3731.5,0
7,69,3531.8,3531.8,0
7,70,3342.8,3342.8,0
7,71,3163.9,3163.9,0
7,72,2994.6,2994.6,0
7,73,2834.3,2834.3,0
7,74,2682.7,2682.7,0
7,75,2539.1,2539.1,0
7,76,2403.2,2403.2,0
7,77,2689.8,2689.8,0
7,78,3032.4,3032.4,0
7,79,3356.6,3356.6,0
7,80,3663.5,3663.5,0
7,81,3953.9,3953.9,0
7,82,4228.8,4228.8,0
7,83,4489,4489,0
7,84,4735.3,4735.3,0
7,85,4968.4,4968.4,0
7,86,5189,5189,0
7,87,4982.6,4982.6,0
7,88,4715.9,4715.9,0
7,89,4463.6,4463.6,0
7,90,4224.7,4224.7,0
7,91,3998.6,3998.6,0
7,92,3784.6,3784.6,0
7,93,3582.1,3582.1,0
7,94,3390.4,3390.4,0
7,95,3209,3209,0
7,96,3037.2,3037.2,0
7,97,2874.7,2874.7,0
7,98,2720.9,2720.9,0
7,99,2575.3,2575.3,0
7,100,2437.4,2437.4,0
7,101,2307,2307,0
7,102,2183.5,2183.5,0
7,103,2066.7,2066.7,0
7,104,1956.1,1956.1,0
7,105,1851.4,1851.4,0
7,106,1752.3,1752.3,0
7,107,1658.6,1658.6,0
7,108,1569.8,1569.8,0
7,109,1485.8,1485.8,0
7,110,1406.3,1406.3,0
7,111,1331,1331,0
7,112,1259.8,1259.8,0
7,113,1192.4,1192.4,0
7,114,1128.6,1128.6,0
7,115,1068.2,1068.2,0
7,116,1011,1011,0
7,117,956.91,956.91,0
7,118,905.7,905.7,0
7,119,857.23,857.23,0
7,120,811.35,811.35,0
7,121,767.93,767.93,0
7,122,726.84,726.84,0
7,123,687.94,687.94,0
7,124,651.13,651.13,0
7,125,616.28,616.28,0
7,126,583.3,583.3,0
7,127,552.09,552.09,0
7,128,522.54,522.54,0
7,129,494.58,494.58,0
7,130,468.11,468.11,0
8,0,0,0,0
8,0,0,0,0
8,1,0,0,0
8,2,0,0,0
8,3,0,0,0
8,4,367.37,367.37,0
8,5,834.21,834.21,0
8,6,1276.1,1276.1,0
8,7,1694.3,1694.3,0
8,8,1780.5,1780.5,0
8,9,1685.2,1685.2,0
8,10,1595,1595,0
8,11,1509.7,1509.7,0
8,12,1428.9,1428.9,0
8,13,1352.4,1352.4,0
8,14,1280,1280,0
8,15,1211.5,1211.5,0
8,16,1146.7,1146.7,0
8,17,1085.3,1085.3,0
8,18,1027.3,1027.3,0
8,19,972.29,972.29,0
8,20,920.25,920.25,0
8,21,871.01,871.01,0
8,22,824.4,824.4,0
8,23,780.28,780.28,0
8,24,738.52,738.52,0
8,25,699,699,0
8,26,661.59,661.59,0
8,27,626.19,626.19,0
8,28,960.05,960.05,0
8,29,1395.2,1395.2,0
8,30,1807,1807,0
8,31,2196.8,2196.8,0
8,32,2256.1,2256.1,0
8,33,2135.4,2135.4,0
8,34,2021.1,2021.1,0
8,35,1913,1913,0
8,36,1810.6,1810.6,0
8,37,1713.7,1713.7,0
8,38,1622,1622,0
8,39,1535.2,1535.2,0
8,40,1453,1453,0
8,41,1375.3,1375.3,0
8,42,1301.7,1301.7,0
8,43,1232,1232,0
8,44,1166.1,1166.1,0
8,45,1103.7,1103.7,0
8,46,1044.6,1044.6,0
8,47,988.72,988.72,0
8,48,935.81,935.81,0
8,49,885.73,885.73,0
8,50,838.33,838.33,0
8,51,793.46,793.46,0
8,52,1118.4,1118.4,0
8,53,1545,1545,0
8,54,1948.8,1948.8,0
8,55,2331,2331,0
8,56,2383.2,2383.2,0
8,57,2255.7,2255.7,0
8,58,2134.9,2134.9,0
8,59,2020.7,2020.7,0
8,60,1912.6,1912.6,0
8,61,1810.2,1810.2,0
8,62,1713.3,1713.3,0
8,63,1621.6,1621.6,0
8,64,1534.9,1534.9,0
8,65,1452.7,1452.7,0
8,66,1375,1375,0
8,67,1301.4,1301.4,0
8,68,1231.8,1231.8,0
8,69,1165.8,1165.8,0
8,70,1103.4,1103.4,0
8,71,1044.4,1044.4,0
8,72,988.51,988.51,0
8,73,935.61,935.61,0
8,74,885.54,885.54,0
8,75,838.15,838.15,0
8,76,1160.7,1160.7,0
8,77,1585.1,1585.1,0
8,78,1986.7,1986.7,0
8,79,2366.9,2366.9,0
8,80,2417.1,2417.1,0
8,81,2287.8,2287.8,0
8,82,2165.4,2165.4,0
8,83,2049.5,2049.5,0
8,84,1939.8,1939.8,0
8,85,1836,1836,0
8,86,1737.7,1737.7,0
8,87,1644.7,1644.7,0
8,88,1556.7,1556.7,0
8,89,1473.4,1473.4,0
8,90,1394.6,1394.6,0
8,91,1319.9,1319.9,0
8,92,1249.3,1249.3,0
8,93,1182.4,1182.4,0
8,94,1119.2,1119.2,0
8,95,1059.3,1059.3,0
8,96,1002.6,1002.6,0
8,97,948.93,948.93,0
8,98,898.15,898.15,0
8,99,850.09,850.09,0
8,100,804.59,804.59,0
8,101,761.54,761.54,0
8,102,720.78,720.78,0
8,103,682.21,682.21,0
8,104,645.7,645.7,0
8,105,611.15,611.15,0
8,106,578.44,578.44,0
8,107,547.49,547.49,0
8,108,518.19,518.19,0
8,109,490.46,490.46,0
8,110,464.21,464.21,0
8,111,439.37,439.37,0
8,112,415.86,415.86,0
8,113,393.6,393.6,0
8,114,372.54,372.54,0
8,115,352.6,352.6,0
8,116,333.73,333.73,0
8,117,315.87,315.87,0
8,118,298.97,298.97,0
8,119,282.97,282.97,0
8,120,267.83,267.83,0
8,121,253.49,253.49,0
8,122,239.93,239.93,0
8,123,227.09,227.09,0
8,124,214.94,214.94,0
8,125,203.43,203.43,0
8,126,192.55,192.55,0
8,127,182.24,182.24,0
8,128,172.49,172.49,0
8,129,163.26,163.26,0
8,130,154.52,154.52,0
9,0,1002.7,1002.7,0
9,0,1002.7,1002.7,0
9,1,949.08,949.08,0
9,2,898.29,898.29,0
9,3,850.22,850.22,0
9,4,1215.2,1215.2,0
9,5,1636.6,1636.6,0
9,6,2035.5,2035.5,0
9,7,2413.1,2413.1,0
9,8,2417.5,2417.5,0
9,9,2288.1,2288.1,0
9,10,2165.7,2165.7,0
9,11,2049.8,2049.8,0
9,12,1940.1,1940.1,0
9,13,1836.3,1836.3,0
9,14,1738,1738,0
9,15,1645,1645,0
9,16,1557,1557,0
9,17,1473.6,1473.6,0
9,18,1394.8,1394.8,0
9,19,1320.1,1320.1,0
9,20,1249.5,1249.5,0
9,21,1182.6,1182.6,0
9,22,1119.3,1119.3,0
9,23,1059.4,1059.4,0
9,24,1002.7,1002.7,0
9,25,949.08,949.08,0
9,26,898.29,898.29,0
9,27,850.22,850.22,0
9,28,1215.2,1215.2,0
9,29,1636.6,1636.6,0
9,30,2035.5,2035.5,0
9,31,2413.1,2413.1,0
9,32,2417.5,2417.5,0
9,33,2288.1,2288.1,0
9,34,2165.7,2165.7,0
9,35,2049.8,2049.8,0
9,36,1940.1,1940.1,0
9,37,1836.3,1836.3,0
9,38,1738,1738,0
9,39,1645,1645,0
9,40,1557,1557,0
9,41,1473.6,1473.6,0
9,42,1394.8,1394.8,0
9,43,1320.1,1320.1,0
9,44,1249.5,1249.5,0
9,45,1182.6,1182.6,0
9,46,1119.3,1119.3,0
9,47,1059.4,1059.4,0
9,48,1002.7,1002.7,0
9,49,949.08,949.08,0
9,50,898.29,898.29,0
9,51,850.22,850.22,0
9,52,1215.2,1215.2,0
9,53,1636.6,1636.6,0
9,54,2035.5,2035.5,0
9,55,2413.1,2413.1,0
9,56,2417.5,2417.5,0
9,57,2288.1,2288.1,0
9,58,2165.7,2165.7,0
9,59,2049.8,2049.8,0
9,60,1940.1,1940.1,0
9,61,1836.3,1836.3,0
9,62,1738,1738,0
9,63,1645,1645,0
9,64,1557,1557,0
9,65,1473.6,1473.6,0
9,66,1394.8,1394.8,0
9,67,1320.1,1320.1,0
9,68,1249.5,1249.5,0
9,69,1182.6,1182.6,0
9,70,1119.3,1119.3,0
9,71,1059.4,1059.4,0
9,72,1002.7,1002.7,0
9,73,949.08,949.08,0
9,74,898.29,898.29,0
9,75,850.22,850.22,0
9,76,1215.2,1215.2,0
9,77,1636.6,1636.6,0
9,78,2035.5,2035.5,0
9,79,2413.1,2413.1,0
9,80,2417.5,2417.5,0
9,81,2288.1,2288.1,0
9,82,2165.7,2165.7,0
9,83,2049.8,2049.8,0
9,84,1940.1,1940.1,0
9,85,1836.3,1836.3,0
9,86,1738,1738,0
9,87,1645,1645,0
9,88,1557,1557,0
9,89,1473.6,1473.6,0
9,90,1394.8,1394.8,0
9,91,1320.1,1320.1,0
9,92,1249.5,1249.5,0
9,93,1182.6,1182.6,0
9,94,1119.3,1119.3,0
9,95,1059.4,1059.4,0
9,96,1002.7,1002.7,0
9,97,949.08,949.08,0
9,98,898.29,898.29,0
9,99,850.22,850.22,0
9,100,804.72,804.72,0
9,101,761.66,761.66,0
9,102,720.9,720.9,0
9,103,682.32,682.32,0
9,104,645.8,645.8,0
9,105,611.24,611.24,0
9,106,578.53,578.53,0
9,107,547.57,547.57,0
9,108,518.27,518.27,0
9,109,490.53,490.53,0
9,110,464.28,464.28,0
9,111,439.44,439.44,0
9,112,415.92,415.92,0
9,113,393.66,393.66,0
9,114,372.6,372.6,0
9,115,352.66,352.66,0
9,116,333.78,333.78,0
9,117,315.92,315.92,0
9,118,299.02,299.02,0
9,119,283.01,283.01,0
9,120,267.87,267.87,0
9,121,253.53,253.53,0
9,122,239.97,239.97,0
9,123,227.12,227.12,0
9,124,214.97,214.97,0
9,125,203.47,203.47,0
9,126,192.58,192.58,0
9,127,182.27,182.27,0
9,128,172.52,172.52,0
9,129,163.28,163.28,0
9,130,154.55,154.55,0
10,0,6014.5,6014.5,0
10,0,6014.5,6014.5,0
10,1,6081.8,6081.8,0
10,2,6145.5,6145.5,0
10,3,6205.9,6205.9,0
10,4,6263,6263,0
10,5,6277.4,6277.4,0
10,6,6233.4,6233.4,0
10,7,6191.7,6191.7,0
10,8,6152.3,6152.3,0
10,9,6114.9,6114.9,0
10,10,6079.6,6079.6,0
10,11,6046.1,6046.1,0
10,12,6014.5,6014.5,0
10,13,6081.8,6081.8,0
10,14,6145.5,6145.5,0
10,15,6205.9,6205.9,0
10,16,6263,6263,0
10,17,6277.4,6277.4,0
10,18,6233.4,6233.4,0
10,19,6191.7,6191.7,0
10,20,6152.3,6152.3,0
10,21,6114.9,6114.9,0
10,22,6079.6,6079.6,0
10,23,6046.1,6046.1,0
10,24,6014.5,6014.5,0
10,25,6081.8,6081.8,0
10,26,6145.5,6145.5,0
10,27,6205.9,6205.9,0
10,28,6263,6263,0
10,29,6277.4,6277.4,0
10,30,6233.4,6233.4,0
10,31,6191.7,6191.7,0
10,32,6152.3,6152.3,0
10,33,6114.9,6114.9,0
10,34,6079.6,6079.6,0
10,35,6046.1,6046.1,0
10,36,6014.5,6014.5,0
10,37,6081.8,6081.8,0
10,38,6145.5,6145.5,0
10,39,6205.9,6205.9,0
10,40,6263,6263,0
10,41,6277.4,6277.4,0
10,42,6233.4,6233.4,0
10,43,6191.7,6191.7,0
10,44,6152.3,6152.3,0
10,45,6114.9,6114.9,0
10,46,6079.6,6079.6,0
10,47,6046.1,6046.1,0
10,48,6014.5,6014.5,0
10,49,6081.8,6081.8,0
10,50,6145.5,6145.5,0
10,51,6205.9,6205.9,0
10,52,6263,6263,0
10,53,6277.4,6277.4,0
10,54,6233.4,6233.4,0
10,55,6191.7,6191.7,0
10,56,6152.3,6152.3,0
10,57,6114.9,6114.9,0
10,58,6079.6,6079.6,0
10,59,6046.1,6046.1,0
10,60,6014.5,6014.5,0
10,61,5984.5,5984.5,0
10,62,5956.2,5956.2,0
10,63,5929.3,5929.3,0
10,64,5903.9,5903.9,0
10,65,5840.3,5840.3,0
10,66,5722.4,5722.4,0
10,67,5610.7,5610.7,0
10,68,5505.1,5505.1,0
10,69,5405.1,5405.1,0
10,70,5310.4,5310.4,0
10,71,5220.8,5220.8,0
10,72,5136,5136,0
10,73,5055.8,5055.8,0
10,74,4979.8,4979.8,0
10,75,4907.9,4907.9,0
10,76,4839.9,4839.9,0
10,77,4735.9,4735.9,0
10,78,4579.8,4579.8,0
10,79,4432,4432,0
10,80,4292.1,4292.1,0
10,81,4159.7,4159.7,0
10,82,4034.4,4034.4,0
10,83,3915.8,3915.8,0
10,84,3803.5,3803.5,0
10,85,3697.3,3697.3,0
10,86,3596.7,3596.7,0
10,87,3501.6,3501.6,0
10,88,3411.5,3411.5,0
10,89,3286.6,3286.6,0
10,90,3110.8,3110.8,0
10,91,2944.3,2944.3,0
10,92,2786.7,2786.7,0
10,93,2637.6,2637.6,0
10,94,2496.4,2496.4,0
10,95,2362.8,2362.8,0
10,96,2236.4,2236.4,0
10,97,2116.7,2116.7,0
10,98,2003.4,2003.4,0
10,99,1896.2,1896.2,0
10,100,1794.8,1794.8,0
10,101,1698.7,1698.7,0
10,102,1607.8,1607.8,0
10,103,1521.8,1521.8,0
10,104,1440.3,1440.3,0
10,105,1363.2,1363.2,0
10,106,1290.3,1290.3,0
10,107,1221.2,1221.2,0
10,108,1155.9,1155.9,0
10,109,1094,1094,0
10,110,1035.5,1035.5,0
10,111,980.07,980.07,0
10,112,927.62,927.62,0
10,113,877.98,877.98,0
10,114,830.99,830.99,0
10,115,786.52,786.52,0
10,116,744.43,744.43,0
10,117,704.6,704.6,0
10,118,666.89,666.89,0
10,119,631.2,631.2,0
10,120,597.42,597.42,0
10,121,565.45,565.45,0
10,122,535.19,535.19,0
10,123,506.55,506.55,0
10,124,479.44,479.44,0
10,125,453.78,453.78,0
10,126,429.5,429.5,0
10,127,406.52,406.52,0
10,128,384.76,384.76,0
10,129,364.17,364.17,0
10,130,344.68,344.68,0
11,0,7498.9,7498.9,0
11,0,7498.9,7498.9,0
11,1,7584.1,7584.1,0
11,2,7664.7,7664.7,0
11,3,7643.7,7643.7,0
11,4,7623.9,7623.9,0
11,5,7605.1,7605.1,0
11,6,7587.3,7587.3,0
11,7,7570.5,7570.5,0
11,8,7554.5,7554.5,0
11,9,7539.5,7539.5,0
11,10,7525.2,7525.2,0
11,11,7511.7,7511.7,0
11,12,7498.9,7498.9,0
11,13,7584.1,7584.1,0
11,14,7664.7,7664.7,0
11,15,7643.7,7643.7,0
11,16,7623.9,7623.9,0
11,17,7605.1,7605.1,0
11,18,7587.3,7587.3,0
11,19,7570.5,7570.5,0
11,20,7554.5,7554.5,0
11,21,7539.5,7539.5,0
11,22,7525.2,7525.2,0
11,23,7511.7,7511.7,0
11,24,7498.9,7498.9,0
11,25,7584.1,7584.1,0
11,26,7664.7,7664.7,0
11,27,7643.7,7643.7,0
11,28,7623.9,7623.9,0
11,29,7605.1,7605.1,0
11,30,7587.3,7587.3,0
11,31,7570.5,7570.5,0
11,32,7554.5,7554.5,0
11,33,7539.5,7539.5,0
11,34,7525.2,7525.2,0
11,35,7511.7,7511.7,0
11,36,7498.9,7498.9,0
11,37,7584.1,7584.1,0
11,38,7664.7,7664.7,0
11,39,7643.7,7643.7,0
11,40,7623.9,7623.9,0
11,41,7605.1,7605.1,0
11,42,7587.3,7587.3,0
11,43,7570.5,7570.5,0
11,44,7554.5,7554.5,0
11,45,7539.5,7539.5,0
11,46,7525.2,7525.2,0
11,47,7511.7,7511.7,0
11,48,7498.9,7498.9,0
11,49,7486.8,7486.8,0
11,50,7475.3,7475.3,0
11,51,7367.2,7367.2,0
11,52,7264.8,7264.8,0
11,53,7168,7168,0
11,54,7076.3,7076.3,0
11,55,6989.5,6989.5,0
11,56,6907.3,6907.3,0
11,57,6829.6,6829.6,0
11,58,6756,6756,0
11,59,6686.4,6686.4,0
11,60,6620.4,6620.4,0
11,61,6558,6558,0
11,62,6499,6499,0
11,63,6345.8,6345.8,0
11,64,6200.8,6200.8,0
11,65,6063.6,6063.6,0
11,66,5933.7,5933.7,0
11,67,5810.7,5810.7,0
11,68,5694.4,5694.4,0
11,69,5584.2,5584.2,0
11,70,5480,5480,0
11,71,5381.3,5381.3,0
11,72,5288,5288,0
11,73,5199.6,5199.6,0
11,74,5115.9,5115.9,0
11,75,4939.4,4939.4,0
11,76,4772.4,4772.4,0
11,77,4614.3,4614.3,0
11,78,4464.7,4464.7,0
11,79,4323,4323,0
11,80,4189,4189,0
11,81,4062.1,4062.1,0
11,82,3942,3942,0
11,83,3828.4,3828.4,0
11,84,3720.8,3720.8,0
11,85,3619,3619,0
11,86,3522.6,3522.6,0
11,87,3334.1,3334.1,0
11,88,3155.7,3155.7,0
11,89,2986.8,2986.8,0
11,90,2827,2827,0
11,91,2675.7,2675.7,0
11,92,2532.5,2532.5,0
11,93,2397,2397,0
11,94,2268.7,2268.7,0
11,95,2147.3,2147.3,0
11,96,2032.4,2032.4,0
11,97,1923.6,1923.6,0
11,98,1820.7,1820.7,0
11,99,1723.2,1723.2,0
11,100,1631,1631,0
11,101,1543.7,1543.7,0
11,102,1461.1,1461.1,0
11,103,1382.9,1382.9,0
11,104,1308.9,1308.9,0
11,105,1238.9,1238.9,0
11,106,1172.6,1172.6,0
11,107,1109.8,1109.8,0
11,108,1050.4,1050.4,0
11,109,994.22,994.22,0
11,110,941.02,941.02,0
11,111,890.66,890.66,0
11,112,842.99,842.99,0
11,113,797.88,797.88,0
11,114,755.18,755.18,0
11,115,714.77,714.77,0
11,116,676.52,676.52,0
11,117,640.32,640.32,0
11,118,606.05,606.05,0
11,119,573.62,573.62,0
11,120,542.92,542.92,0
11,121,513.86,513.86,0
11,122,486.37,486.37,0
11,123,460.34,460.34,0
11,124,435.7,435.7,0
11,125,412.39,412.39,0
11,126,390.32,390.32,0
11,127,369.43,369.43,0
11,128,349.66,349.66,0
11,129,330.95,330.95,0
11,130,313.24,313.24,0
12,0,15152,15152,0
12,0,15152,15152,0
12,1,15152,15152,0
12,2,15152,15152,0
12,3,15152,15152,0
12,4,15152,15152,0
12,5,15152,15152,0
12,6,15152,15152,0
12,7,15152,15152,0
12,8,15152,15152,0
12,9,15152,15152,0
12,10,15152,15152,0
12,11,15152,15152,0
12,12,15152,15152,0
12,13,15152,15152,0
12,14,15152,15152,0
12,15,15152,15152,0
12,16,15152,15152,0
12,17,15152,15152,0
12,18,15152,15152,0
12,19,15152,15152,0
12,20,15152,15152,0
12,21,15152,15152,0
12,22,15152,15152,0
12,23,15152,15152,0
12,24,15152,15152,0
12,25,15152,15152,0
12,26,15152,15152,0
12,27,15152,15152,0
12,28,15152,15152,0
12,29,15152,15152,0
12,30,15152,15152,0
12,31,15152,15152,0
12,32,15152,15152,0
12,33,15152,15152,0
12,34,15152,15152,0
12,35,15152,15152,0
12,36,15152,15152,0
12,37,15152,15152,0
12,38,15152,15152,0
12,39,15152,15152,0
12,40,15152,15152,0
12,41,15152,15152,0
12,42,15152,15152,0
12,43,15152,15152,0
12,44,15152,15152,0
12,45,15152,15152,0
12,46,15152,15152,0
12,47,15152,15152,0
12,48,15152,15152,0
12,49,15152,15152,0
12,50,15152,15152,0
12,51,15152,15152,0
12,52,15152,15152,0
12,53,15152,15152,0
12,54,15152,15152,0
12,55,15152,15152,0
12,56,15152,15152,0
12,57,15152,15152,0
12,58,15152,15152,0
12,59,15152,15152,0
12,60,15152,15152,0
12,61,15152,15152,0
12,62,15152,15152,0
12,63,15152,15152,0
12,64,15152,15152,0
12,65,15152,15152,0
12,66,15152,15152,0
12,67,15152,15152,0
12,68,15152,15152,0
12,69,15152,15152,0
12,70,15152,15152,0
12,71,15152,15152,0
12,72,15152,15152,0
12,73,15152,15152,0
12,74,15152,15152,0
12,75,15152,15152,0
12,76,15152,15152,0
12,77,15152,15152,0
12,78,15152,15152,0
12,79,14746,14746,0
12,80,14362,14362,0
12,81,13999,13999,0
12,82,13655,13655,0
12,83,13330,13330,0
12,84,13022,13022,0
12,85,12325,12325,0
12,86,11666,11666,0
12,87,11041,11041,0
12,88,10451,10451,0
12,89,9891.3,9891.3,0
12,90,9361.9,9361.9,0
12,91,8860.9,8860.9,0
12,92,8386.8,8386.8,0
12,93,7937.9,7937.9,0
12,94,7513.1,7513.1,0
12,95,7111.1,7111.1,0
12,96,6730.5,6730.5,0
12,97,6370.3,6370.3,0
12,98,6029.4,6029.4,0
12,99,5706.8,5706.8,0
12,100,5401.4,5401.4,0
12,101,5112.3,5112.3,0
12,102,4838.7,4838.7,0
12,103,4579.8,4579.8,0
12,104,4334.7,4334.7,0
12,105,4102.7,4102.7,0
12,106,3883.2,3883.2,0
12,107,3675.4,3675.4,0
12,108,3478.7,3478.7,0
12,109,3292.5,3292.5,0
12,110,3116.3,3116.3,0
12,111,2949.6,2949.6,0
12,112,2791.7,2791.7,0
12,113,2642.3,2642.3,0
12,114,2500.9,2500.9,0
12,115,2367.1,2367.1,0
12,116,2240.4,2240.4,0
12,117,2120.5,2120.5,0
12,118,2007,2007,0
12,119,1899.6,1899.6,0
12,120,1798,1798,0
12,121,1701.7,1701.7,0
12,122,1610.7,1610.7,0
12,123,1524.5,1524.5,0
12,124,1442.9,1442.9,0
12,125,1365.7,1365.7,0
12,126,1292.6,1292.6,0
12,127,1223.4,1223.4,0
12,128,1158,1158,0
12,129,1096,1096,0
12,130,1037.3,1037.3,0
13,0,3745.5,3745.5,0
13,0,3745.5,3745.5,0
13,1,3745.5,3745.5,0
13,2,3745.5,3745.5,0
13,3,3745.5,3745.5,0
13,4,3745.5,3745.5,0
13,5,3745.5,3745.5,0
13,6,3745.5,3745.5,0
13,7,3745.5,3745.5,0
13,8,3745.5,3745.5,0
13,9,3745.5,3745.5,0
13,10,3745.5,3745.5,0
13,11,3745.5,3745.5,0
13,12,3745.5,3745.5,0
13,13,3745.5,3745.5,0
13,14,3745.5,3745.5,0
13,15,3745.5,3745.5,0
13,16,3745.5,3745.5,0
13,17,3745.5,3745.5,0
13,18,3745.5,3745.5,0
13,19,3745.5,3745.5,0
13,20,3745.5,3745.5,0
13,21,3745.5,3745.5,0
13,22,3745.5,3745.5,0
13,23,3745.5,3745.5,0
13,24,3745.5,3745.5,0
13,25,3745.5,3745.5,0
13,26,3745.5,3745.5,0
13,27,3745.5,3745.5,0
13,28,3745.5,3745.5,0
13,29,3745.5,3745.5,0
13,30,3745.5,3745.5,0
13,31,3745.5,3745.5,0
13,32,3745.5,3745.5,0
13,33,3745.5,3745.5,0
13,34,3745.5,3745.5,0
13,35,3745.5,3745.5,0
13,36,3745.5,3745.5,0
13,37,3745.5,3745.5,0
13,38,3745.5,3745.5,0
13,39,3745.5,3745.5,0
13,40,3745.5,3745.5,0
13,41,3745.5,3745.5,0
13,42,3745.5,3745.5,0
13,43,3745.5,3745.5,0
13,44,3745.5,3745.5,0
13,45,3745.5,3745.5,0
13,46,3745.5,3745.5,0
13,47,3745.5,3745.5,0
13,48,3745.5,3745.5,0
13,49,3745.5,3745.5,0
13,50,3745.5,3745.5,0
13,51,3745.5,3745.5,0
13,52,3745.5,3745.5,0
13,53,3745.5,3745.5,0
13,54,3745.5,3745.5,0
13,55,3745.5,3745.5,0
13,56,3745.5,3745.5,0
13,57,3745.5,3745.5,0
13,58,3745.5,3745.5,0
13,59,3745.5,3745.5,0
13,60,3745.5,3745.5,0
13,61,3745.5,3745.5,0
13,62,3745.5,3745.5,0
13,63,3745.5,3745.5,0
13,64,3745.5,3745.5,0
13,65,3745.5,3745.5,0
13,66,3745.5,3745.5,0
13,67,3745.5,3745.5,0
13,68,3745.5,3745.5,0
13,69,3745.5,3745.5,0
13,70,3745.5,3745.5,0
13,71,3745.5,3745.5,0
13,72,3745.5,3745.5,0
13,73,3745.5,3745.5,0
13,74,3745.5,3745.5,0
13,75,3745.5,3745.5,0
13,76,3745.5,3745.5,0
13,77,3745.5,3745.5,0
13,78,3745.5,3745.5,0
13,79,3745.5,3745.5,0
13,80,3745.5,3745.5,0
13,81,3745.5,3745.5,0
13,82,3745.5,3745.5,0
13,83,3745.5,3745.5,0
13,84,3745.5,3745.5,0
13,85,3745.5,3745.5,0
13,86,3745.5,3745.5,0
13,87,3745.5,3745.5,0
13,88,3745.5,3745.5,0
13,89,3745.5,3745.5,0
13,90,3745.5,3745.5,0
13,91,3545,3545,0
13,92,3355.3,3355.3,0
13,93,3175.7,3175.7,0
13,94,3005.8,3005.8,0
13,95,2844.9,2844.9,0
13,96,2692.7,2692.7,0
13,97,2548.6,2548.6,0
13,98,2412.2,2412.2,0
13,99,2283.1,2283.1,0
13,100,2160.9,2160.9,0
13,101,2045.3,2045.3,0
13,102,1935.8,1935.8,0
13,103,1832.2,1832.2,0
13,104,1734.2,1734.2,0
13,105,1641.4,1641.4,0
13,106,1553.6,1553.6,0
13,107,1470.4,1470.4,0
13,108,1391.7,1391.7,0
13,109,1317.2,1317.2,0
13,110,1246.8,1246.8,0
13,111,1180,1180,0
13,112,1116.9,1116.9,0
13,113,1057.1,1057.1,0
13,114,1000.5,1000.5,0
13,115,947,947,0
13,116,896.32,896.32,0
13,117,848.35,848.35,0
13,118,802.95,802.95,0
13,119,759.98,759.98,0
13,120,719.31,719.31,0
13,121,680.82,680.82,0
13,122,644.39,644.39,0
13,123,609.9,609.9,0
13,124,577.26,577.26,0
13,125,546.37,546.37,0
13,126,517.13,517.13,0
13,127,489.46,489.46,0
13,128,463.26,463.26,0
13,129,438.47,438.47,0
13,130,415.01,415.01,0
14,0,9090.9,9090.9,0
14,0,9090.9,9090.9,0
14,1,9090.9,9090.9,0
14,2,9090.9,9090.9,0
14,3,9090.9,9090.9,0
14,4,9090.9,9090.9,0
14,5,9090.9,9090.9,0
14,6,9090.9,9090.9,0
14,7,9090.9,9090.9,0
14,8,9090.9,9090.9,0
14,9,9090.9,9090.9,0
14,10,9090.9,9090.9,0
14,11,9090.9,9090.9,0
14,12,9090.9,9090.9,0
14,13,9090.9,9090.9,0
14,14,9090.9,9090.9,0
14,15,9090.9,9090.9,0
14,16,9090.9,9090.9,0
14,17,9090.9,9090.9,0
14,18,9090.9,9090.9,0
14,19,9090.9,9090.9,0
14,20,9090.9,9090.9,0
14,21,9090.9,9090.9,0
14,22,9090.9,9090.9,0
14,23,9090.9,9090.9,0
14,24,9090.9,9090.9,0
14,25,9090.9,9090.9,0
14,26,9090.9,9090.9,0
14,27,9090.9,9090.9,0
14,28,9090.9,9090.9,0
14,29,9090.9,9090.9,0
14,30,9090.9,9090.9,0
14,31,9090.9,9090.9,0
14,32,9090.9,9090.9,0
14,33,9090.9,9090.9,0
14,34,9090.9,9090.9,0
14,35,9090.9,9090.9,0
14,36,9090.9,9090.9,0
14,37,9090.9,9090.9,0
14,38,9090.9,9090.9,0
14,39,9090.9,9090.9,0
14,40,9090.9,9090.9,0
14,41,9090.9,9090.9,0
14,42,9090.9,9090.9,0
14,43,9090.9,9090.9,0
14,44,9090.9,9090.9,0
14,45,9090.9,9090.9,0
14,46,9090.9,9090.9,0
14,47,9090.9,9090.9,0
14,48,9090.9,9090.9,0
14,49,9090.9,9090.9,0
14,50,9090.9,9090.9,0
14,51,9090.9,9090.9,0
14,52,9090.9,9090.9,0
14,53,9090.9,9090.9,0
14,54,9090.9,9090.9,0
14,55,9090.9,9090.9,0
14,56,9090.9,9090.9,0
14,57,9090.9,9090.9,0
14,58,9090.9,9090.9,0
14,59,9090.9,9090.9,0
14,60,9090.9,9090.9,0
14,61,9090.9,9090.9,0
14,62,9090.9,9090.9,0
14,63,9090.9,9090.9,0
14,64,9090.9,9090.9,0
14,65,9090.9,9090.9,0
14,66,9090.9,9090.9,0
14,67,9090.9,9090.9,0
14,68,9090.9,9090.9,0
14,69,9090.9,9090.9,0
14,70,9090.9,9090.9,0
14,71,9090.9,9090.9,0
14,72,9090.9,9090.9,0
14,73,9090.9,9090.9,0
14,74,9090.9,9090.9,0
14,75,9090.9,9090.9,0
14,76,9090.9,9090.9,0
14,77,9090.9,9090.9,0
14,78,9090.9,9090.9,0
14,79,9090.9,9090.9,0
14,80,9090.9,9090.9,0
14,81,9090.9,9090.9,0
14,82,9090.9,9090.9,0
14,83,9090.9,9090.9,0
14,84,9090.9,9090.9,0
14,85,9090.9,9090.9,0
14,86,9090.9,9090.9,0
14,87,9090.9,9090.9,0
14,88,9090.9,9090.9,0
14,89,9090.9,9090.9,0
14,90,9090.9,9090.9,0
14,91,8604.4,8604.4,0
14,92,8143.9,8143.9,0
14,93,7708.1,7708.1,0
14,94,7295.6,7295.6,0
14,95,6905.2,6905.2,0
14,96,6535.7,6535.7,0
14,97,6185.9,6185.9,0
14,98,5854.9,5854.9,0
14,99,5541.6,5541.6,0
14,100,5245,5245,0
14,101,4964.3,4964.3,0
14,102,4698.6,4698.6,0
14,103,4447.2,4447.2,0
14,104,4209.2,4209.2,0
14,105,3984,3984,0
14,106,3770.8,3770.8,0
14,107,3569,3569,0
14,108,3378,3378,0
14,109,3197.2,3197.2,0
14,110,3026.1,3026.1,0
14,111,2864.2,2864.2,0
14,112,2710.9,2710.9,0
14,113,2565.8,2565.8,0
14,114,2428.5,2428.5,0
14,115,2298.5,2298.5,0
14,116,2175.5,2175.5,0
14,117,2059.1,2059.1,0
14,118,1948.9,1948.9,0
14,119,1844.6,1844.6,0
14,120,1745.9,1745.9,0
14,121,1652.5,1652.5,0
14,122,1564,1564,0
14,123,1480.3,1480.3,0
14,124,1401.1,1401.1,0
14,125,1326.1,1326.1,0
14,126,1255.2,1255.2,0
14,127,1188,1188,0
14,128,1124.4,1124.4,0
14,129,1064.3,1064.3,0
14,130,1007.3,1007.3,0
15,0,935.66,935.66,0
15,0,935.66,935.66,0
15,1,885.59,885.59,0
15,2,838.2,838.2,0
15,3,793.34,793.34,0
15,4,2810.9,2810.9,0
15,5,2660.5,2660.5,0
15,6,2518.1,2518.1,0
15,7,2383.3,2383.3,0
15,8,2255.8,2255.8,0
15,9,2135.1,2135.1,0
15,10,2020.8,2020.8,0
15,11,1912.7,1912.7,0
15,12,1810.3,1810.3,0
15,13,1713.4,1713.4,0
15,14,1621.7,1621.7,0
15,15,1535,1535,0
15,16,1452.8,1452.8,0
15,17,1375.1,1375.1,0
15,18,1301.5,1301.5,0
15,19,1231.8,1231.8,0
15,20,1165.9,1165.9,0
15,21,1103.5,1103.5,0
15,22,1044.5,1044.5,0
15,23,988.57,988.57,0
15,24,935.66,935.66,0
15,25,885.59,885.59,0
15,26,838.2,838.2,0
15,27,793.34,793.34,0
15,28,2810.9,2810.9,0
15,29,2660.5,2660.5,0
15,30,2518.1,2518.1,0
15,31,2383.3,2383.3,0
15,32,2255.8,2255.8,0
15,33,2135.1,2135.1,0
15,34,2020.8,2020.8,0
15,35,1912.7,1912.7,0
15,36,1810.3,1810.3,0
15,37,1713.4,1713.4,0
15,38,1621.7,1621.7,0
15,39,1535,1535,0
15,40,1452.8,1452.8,0
15,41,1375.1,1375.1,0
15,42,1301.5,1301.5,0
15,43,1231.8,1231.8,0
15,44,1165.9,1165.9,0
15,45,1103.5,1103.5,0
15,46,1044.5,1044.5,0
15,47,988.57,988.57,0
15,48,935.66,935.66,0
15,49,885.59,885.59,0
15,50,838.2,838.2,0
15,51,793.34,793.34,0
15,52,2810.9,2810.9,0
15,53,2660.5,2660.5,0
15,54,2518.1,2518.1,0
15,55,2383.3,2383.3,0
15,56,2255.8,2255.8,0
15,57,2135.1,2135.1,0
15,58,2020.8,2020.8,0
15,59,1912.7,1912.7,0
15,60,1810.3,1810.3,0
15,61,1713.4,1713.4,0
15,62,1621.7,1621.7,0
15,63,1535,1535,0
15,64,1452.8,1452.8,0
15,65,1375.1,1375.1,0
15,66,1301.5,1301.5,0
15,67,1231.8,1231.8,0
15,68,1165.9,1165.9,0
15,69,1103.5,1103.5,0
15,70,1044.5,1044.5,0
15,71,988.57,988.57,0
15,72,935.66,935.66,0
15,73,885.59,885.59,0
15,74,838.2,838.2,0
15,75,793.34,793.34,0
15,76,2810.9,2810.9,0
15,77,2660.5,2660.5,0
15,78,2518.1,2518.1,0
15,79,2383.3,2383.3,0
15,80,2255.8,2255.8,0
15,81,2135.1,2135.1,0
15,82,2020.8,2020.8,0
15,83,1912.7,1912.7,0
15,84,1810.3,1810.3,0
15,85,1713.4,1713.4,0
15,86,1621.7,1621.7,0
15,87,1535,1535,0
15,88,1452.8,1452.8,0
15,89,1375.1,1375.1,0
15,90,1301.5,1301.5,0
15,91,1231.8,1231.8,0
15,92,1165.9,1165.9,0
15,93,1103.5,1103.5,0
15,94,1044.5,1044.5,0
15,95,988.57,988.57,0
15,96,935.66,935.66,0
15,97,885.59,885.59,0
15,98,838.2,838.2,0
15,99,793.34,793.34,0
15,100,750.89,750.89,0
15,101,710.7,710.7,0
15,102,672.67,672.67,0
15,103,636.67,636.67,0
15,104,602.6,602.6,0
15,105,570.35,570.35,0
15,106,539.83,539.83,0
15,107,510.94,510.94,0
15,108,483.6,483.6,0
15,109,457.72,457.72,0
15,110,433.22,433.22,0
15,111,410.04,410.04,0
15,112,388.1,388.1,0
15,113,367.33,367.33,0
15,114,347.67,347.67,0
15,115,329.07,329.07,0
15,116,311.46,311.46,0
15,117,294.79,294.79,0
15,118,279.01,279.01,0
15,119,264.08,264.08,0
15,120,249.95,249.95,0
15,121,236.57,236.57,0
15,122,223.91,223.91,0
15,123,211.93,211.93,0
15,124,200.59,200.59,0
15,125,189.85,189.85,0
15,126,179.69,179.69,0
15,127,170.08,170.08,0
15,128,160.98,160.98,0
15,129,152.36,152.36,0
15,130,144.21,144.21,0
16,0,0,0,0
16,0,0,0,0
16,1,0,0,0
16,2,0,0,0
16,3,0,0,0
16,4,0,0,0
16,5,2060,2060,0
16,6,1949.8,1949.8,0
16,7,1845.4,1845.4,0
16,8,1746.7,1746.7,0
16,9,1653.2,1653.2,0
16,10,1564.7,1564.7,0
16,11,1481,1481,0
16,12,1401.7,1401.7,0
16,13,1326.7,1326.7,0
16,14,1255.7,1255.7,0
16,15,1188.5,1188.5,0
16,16,1124.9,1124.9,0
16,17,1064.7,1064.7,0
16,18,1007.7,1007.7,0
16,19,953.81,953.81,0
16,20,902.76,902.76,0
16,21,854.45,854.45,0
16,22,808.73,808.73,0
16,23,765.45,765.45,0
16,24,724.49,724.49,0
16,25,685.71,685.71,0
16,26,649.02,649.02,0
16,27,614.29,614.29,0
16,28,581.41,581.41,0
16,29,2610.3,2610.3,0
16,30,2470.6,2470.6,0
16,31,2338.4,2338.4,0
16,32,2213.3,2213.3,0
16,33,2094.8,2094.8,0
16,34,1982.7,1982.7,0
16,35,1876.6,1876.6,0
16,36,1776.2,1776.2,0
16,37,1681.1,1681.1,0
16,38,1591.2,1591.2,0
16,39,1506,1506,0
16,40,1425.4,1425.4,0
16,41,1349.1,1349.1,0
16,42,1276.9,1276.9,0
16,43,1208.6,1208.6,0
16,44,1143.9,1143.9,0
16,45,1082.7,1082.7,0
16,46,1024.8,1024.8,0
16,47,969.93,969.93,0
16,48,918.02,918.02,0
16,49,868.89,868.89,0
16,50,822.39,822.39,0
16,51,778.38,778.38,0
16,52,736.73,736.73,0
16,53,2757.3,2757.3,0
16,54,2609.7,2609.7,0
16,55,2470.1,2470.1,0
16,56,2337.9,2337.9,0
16,57,2212.8,2212.8,0
16,58,2094.4,2094.4,0
16,59,1982.3,1982.3,0
16,60,1876.2,1876.2,0
16,61,1775.8,1775.8,0
16,62,1680.8,1680.8,0
16,63,1590.8,1590.8,0
16,64,1505.7,1505.7,0
16,65,1425.1,1425.1,0
16,66,1348.9,1348.9,0
16,67,1276.7,1276.7,0
16,68,1208.3,1208.3,0
16,69,1143.7,1143.7,0
16,70,1082.5,1082.5,0
16,71,1024.5,1024.5,0
16,72,969.72,969.72,0
16,73,917.83,917.83,0
16,74,868.71,868.71,0
16,75,822.22,822.22,0
16,76,778.22,778.22,0
16,77,2796.6,2796.6,0
16,78,2646.9,2646.9,0
16,79,2505.3,2505.3,0
16,80,2371.2,2371.2,0
16,81,2244.3,2244.3,0
16,82,2124.2,2124.2,0
16,83,2010.5,2010.5,0
16,84,1902.9,1902.9,0
16,85,1801.1,1801.1,0
16,86,1704.7,1704.7,0
16,87,1613.5,1613.5,0
16,88,1527.1,1527.1,0
16,89,1445.4,1445.4,0
16,90,1368.1,1368.1,0
16,91,1294.8,1294.8,0
16,92,1225.6,1225.6,0
16,93,1160,1160,0
16,94,1097.9,1097.9,0
16,95,1039.1,1039.1,0
16,96,983.53,983.53,0
16,97,930.9,930.9,0
16,98,881.08,881.08,0
16,99,833.93,833.93,0
16,100,789.3,789.3,0
16,101,747.06,747.06,0
16,102,707.08,707.08,0
16,103,669.24,669.24,0
16,104,633.43,633.43,0
16,105,599.53,599.53,0
16,106,567.45,567.45,0
16,107,537.08,537.08,0
16,108,508.34,508.34,0
16,109,481.14,481.14,0
16,110,455.39,455.39,0
16,111,431.02,431.02,0
16,112,407.95,407.95,0
16,113,386.12,386.12,0
16,114,365.46,365.46,0
16,115,345.9,345.9,0
16,116,327.39,327.39,0
16,117,309.87,309.87,0
16,118,293.29,293.29,0
16,119,277.59,277.59,0
16,120,262.74,262.74,0
16,121,248.68,248.68,0
16,122,235.37,235.37,0
16,123,222.77,222.77,0
16,124,210.85,210.85,0
16,125,199.57,199.57,0
16,126,188.89,188.89,0
16,127,178.78,178.78,0
16,128,169.21,169.21,0
16,129,160.16,160.16,0
16,130,151.59,151.59,0
17,0,0,0,0
17,0,0,0,0
17,1,5000,5000,0
17,2,4732.4,4732.4,0
17,3,4479.2,4479.2,0
17,4,4239.5,4239.5,0
17,5,4012.6,4012.6,0
17,6,3797.9,3797.9,0
17,7,3594.6,3594.6,0
17,8,3402.3,3402.3,0
17,9,3220.2,3220.2,0
17,10,3047.9,3047.9,0
17,11,2884.7,2884.7,0
17,12,2730.4,2730.4,0
17,13,2584.3,2584.3,0
17,13,2584.3,2584.3,0
17,14,3012.8,3012.8,0
17,15,3885.2,3885.2,0
17,16,4321.9,4321.9,0
17,17,4235.8,4235.8,0
17,18,4041.5,4041.5,0
17,19,3832.5,3832.5,0
17,20,3629,3629,0
17,21,3435.1,3435.1,0
17,22,3251.4,3251.4,0
17,23,3077.4,3077.4,0
17,24,2912.7,2912.7,0
17,25,2756.9,2756.9,0
17,26,2609.3,2609.3,0
17,27,2469.7,2469.7,0
17,28,2337.5,2337.5,0
17,29,2212.4,2212.4,0
17,30,2094,2094,0
17,31,1982,1982,0
17,32,1875.9,1875.9,0
17,33,1775.5,1775.5,0
17,34,1680.5,1680.5,0
17,35,1590.6,1590.6,0
17,36,1505.4,1505.4,0
17,37,1424.9,1424.9,0
17,38,1915.5,1915.5,0
17,39,2846.6,2846.6,0
17,40,3338.8,3338.8,0
17,41,3305.4,3305.4,0
17,42,3160.9,3160.9,0
17,43,2999,2999,0
17,44,2840.1,2840.1,0
17,45,2688.5,2688.5,0
17,46,2544.7,2544.7,0
17,47,2408.5,2408.5,0
17,48,2279.6,2279.6,0
17,49,2157.6,2157.6,0
17,50,2042.2,2042.2,0
17,51,1932.9,1932.9,0
17,52,1829.4,1829.4,0
17,53,1731.5,1731.5,0
17,54,1638.9,1638.9,0
17,55,1551.2,1551.2,0
17,56,1468.2,1468.2,0
17,57,1389.6,1389.6,0
17,58,1315.2,1315.2,0
17,59,1244.8,1244.8,0
17,60,1178.2,1178.2,0
17,61,1115.2,1115.2,0
17,62,1622.4,1622.4,0
17,63,2569.1,2569.1,0
17,64,3076.2,3076.2,0
17,65,3056.8,3056.8,0
17,66,2925.6,2925.6,0
17,67,2776.3,2776.3,0
17,68,2629.3,2629.3,0
17,69,2489,2489,0
17,70,2355.9,2355.9,0
17,71,2229.8,2229.8,0
17,72,2110.5,2110.5,0
17,73,1997.6,1997.6,0
17,74,1890.7,1890.7,0
17,75,1789.5,1789.5,0
17,76,1693.7,1693.7,0
17,77,1603.1,1603.1,0
17,78,1517.3,1517.3,0
17,79,1436.1,1436.1,0
17,80,1359.2,1359.2,0
17,81,1286.5,1286.5,0
17,82,1217.7,1217.7,0
17,83,1152.5,1152.5,0
17,84,1090.8,1090.8,0
17,85,1032.4,1032.4,0
17,86,977.19,977.19,0
17,87,924.89,924.89,0
17,88,875.4,875.4,0
17,89,828.55,828.55,0
17,90,784.21,784.21,0
17,91,742.25,742.25,0
17,92,702.52,702.52,0
17,93,664.93,664.93,0
17,94,629.34,629.34,0
17,95,595.67,595.67,0
17,96,563.79,563.79,0
17,97,533.62,533.62,0
17,98,505.06,505.06,0
17,99,478.03,478.03,0
17,100,452.45,452.45,0
17,101,428.24,428.24,0
17,102,405.32,405.32,0
17,103,383.63,383.63,0
17,104,363.1,363.1,0
17,105,343.67,343.67,0
17,106,325.28,325.28,0
17,107,307.87,307.87,0
17,108,291.39,291.39,0
17,109,275.8,275.8,0
17,110,261.04,261.04,0
17,111,247.07,247.07,0
17,112,233.85,233.85,0
17,113,221.34,221.34,0
17,114,209.49,209.49,0
17,115,198.28,198.28,0
17,116,187.67,187.67,0
17,117,177.63,177.63,0
17,118,168.12,168.12,0
17,119,159.12,159.12,0
17,120,150.61,150.61,0
17,121,142.55,142.55,0
17,122,134.92,134.92,0
17,123,127.7,127.7,0
17,124,120.87,120.87,0
17,125,114.4,114.4,0
17,126,108.28,108.28,0
17,127,102.48,102.48,0
17,128,96.997,96.997,0
17,129,91.806,91.806,0
17,130,86.893,86.893,0
18,0,0,0,0
18,0,0,0,0
18,1,0,0,0
18,2,0,0,0
18,3,0,0,0
18,4,0,0,0
18,5,0,0,0
18,6,329.74,329.74,0
18,7,641.83,641.83,0
18,8,937.22,937.22,0
18,9,1216.8,1216.8,0
18,10,1481.4,1481.4,0
18,11,1731.9,1731.9,0
18,12,1968.9,1968.9,0
18,13,2193.3,2193.3,0
18,14,2405.7,2405.7,0
18,15,2276.9,2276.9,0
18,16,2155.1,2155.1,0
18,17,2039.8,2039.8,0
18,18,1930.6,1930.6,0
18,19,1827.3,1827.3,0
18,20,1729.5,1729.5,0
18,21,1636.9,1636.9,0
18,22,1549.3,1549.3,0
18,23,1466.4,1466.4,0
18,24,1388,1388,0
18,25,1313.7,1313.7,0
18,26,1243.4,1243.4,0
18,27,1176.8,1176.8,0
18,28,1113.9,1113.9,0
18,29,1054.3,1054.3,0
18,30,1327.6,1327.6,0
18,31,1586.3,1586.3,0
18,32,1831.1,1831.1,0
18,33,2062.9,2062.9,0
18,34,2282.2,2282.2,0
18,35,2489.8,2489.8,0
18,36,2686.3,2686.3,0
18,37,2872.3,2872.3,0
18,38,3048.3,3048.3,0
18,39,2885.2,2885.2,0
18,40,2730.8,2730.8,0
18,41,2584.6,2584.6,0
18,42,2446.3,2446.3,0
18,43,2315.4,2315.4,0
18,44,2191.5,2191.5,0
18,45,2074.2,2074.2,0
18,46,1963.2,1963.2,0
18,47,1858.2,1858.2,0
18,48,1758.7,1758.7,0
18,49,1664.6,1664.6,0
18,50,1575.5,1575.5,0
18,51,1491.2,1491.2,0
18,52,1411.4,1411.4,0
18,53,1335.9,1335.9,0
18,54,1594.1,1594.1,0
18,55,1838.6,1838.6,0
18,56,2069.9,2069.9,0
18,57,2288.9,2288.9,0
18,58,2496.1,2496.1,0
18,59,2692.3,2692.3,0
18,60,2877.9,2877.9,0
18,61,3053.7,3053.7,0
18,62,3220,3220,0
18,63,3047.7,3047.7,0
18,64,2884.6,2884.6,0
18,65,2730.2,2730.2,0
18,66,2584.1,2584.1,0
18,67,2445.8,2445.8,0
18,68,2314.9,2314.9,0
18,69,2191,2191,0
18,70,2073.8,2073.8,0
18,71,1962.8,1962.8,0
18,72,1857.8,1857.8,0
18,73,1758.4,1758.4,0
18,74,1664.3,1664.3,0
18,75,1575.2,1575.2,0
18,76,1490.9,1490.9,0
18,77,1411.1,1411.1,0
18,78,1665.3,1665.3,0
18,79,1906,1906,0
18,80,2133.7,2133.7,0
18,81,2349.2,2349.2,0
18,82,2553.3,2553.3,0
18,83,2746.4,2746.4,0
18,84,2929.1,2929.1,0
18,85,3102.1,3102.1,0
18,86,3265.8,3265.8,0
18,87,3091.1,3091.1,0
18,88,2925.7,2925.7,0
18,89,2769.1,2769.1,0
18,90,2620.9,2620.9,0
18,91,2480.6,2480.6,0
18,92,2347.9,2347.9,0
18,93,2222.2,2222.2,0
18,94,2103.3,2103.3,0
18,95,1990.8,1990.8,0
18,96,1884.2,1884.2,0
18,97,1783.4,1783.4,0
18,98,1688,1688,0
18,99,1597.6,1597.6,0
18,100,1512.1,1512.1,0
18,101,1431.2,1431.2,0
18,102,1354.6,1354.6,0
18,103,1282.1,1282.1,0
18,104,1213.5,1213.5,0
18,105,1148.6,1148.6,0
18,106,1087.1,1087.1,0
18,107,1028.9,1028.9,0
18,108,973.87,973.87,0
18,109,921.75,921.75,0
18,110,872.42,872.42,0
18,111,825.74,825.74,0
18,112,781.55,781.55,0
18,113,739.72,739.72,0
18,114,700.14,700.14,0
18,115,662.67,662.67,0
18,116,627.21,627.21,0
18,117,593.64,593.64,0
18,118,561.87,561.87,0
18,119,531.8,531.8,0
18,120,503.34,503.34,0
18,121,476.41,476.41,0
18,122,450.91,450.91,0
18,123,426.78,426.78,0
18,124,403.94,403.94,0
18,125,382.33,382.33,0
18,126,361.87,361.87,0
18,127,342.5,342.5,0
18,128,324.17,324.17,0
18,129,306.82,306.82,0
18,130,290.4,290.4,0
19,0,1438.5,1438.5,0
19,0,1438.5,1438.5,0
19,1,1691.3,1691.3,0
19,2,1930.5,1930.5,0
19,3,2156.9,2156.9,0
19,4,2371.3,2371.3,0
19,5,2574.1,2574.1,0
19,6,2766.1,2766.1,0
19,7,2947.8,2947.8,0
19,8,3119.8,3119.8,0
19,9,3282.6,3282.6,0
19,10,3106.9,3106.9,0
19,11,2940.6,2940.6,0
19,12,2783.3,2783.3,0
19,13,2634.3,2634.3,0
19,14,2493.3,2493.3,0
19,15,2359.9,2359.9,0
19,16,2233.6,2233.6,0
19,17,2114.1,2114.1,0
19,18,2001,2001,0
19,19,1893.9,1893.9,0
19,20,1792.5,1792.5,0
19,21,1696.6,1696.6,0
19,22,1605.8,1605.8,0
19,23,1519.9,1519.9,0
19,24,1438.5,1438.5,0
19,25,1691.3,1691.3,0
19,26,1930.5,1930.5,0
19,27,2156.9,2156.9,0
19,28,2371.3,2371.3,0
19,29,2574.1,2574.1,0
19,30,2766.1,2766.1,0
19,31,2947.8,2947.8,0
19,32,3119.8,3119.8,0
19,33,3282.6,3282.6,0
19,34,3106.9,3106.9,0
19,35,2940.6,2940.6,0
19,36,2783.3,2783.3,0
19,37,2634.3,2634.3,0
19,38,2493.3,2493.3,0
19,39,2359.9,2359.9,0
19,40,2233.6,2233.6,0
19,41,2114.1,2114.1,0
19,42,2001,2001,0
19,43,1893.9,1893.9,0
19,44,1792.5,1792.5,0
19,45,1696.6,1696.6,0
19,46,1605.8,1605.8,0
19,47,1519.9,1519.9,0
19,48,1438.5,1438.5,0
19,49,1691.3,1691.3,0
19,50,1930.5,1930.5,0
19,51,2156.9,2156.9,0
19,52,2371.3,2371.3,0
19,53,2574.1,2574.1,0
19,54,2766.1,2766.1,0
19,55,2947.8,2947.8,0
19,56,3119.8,3119.8,0
19,57,3282.6,3282.6,0
19,58,3106.9,3106.9,0
19,59,2940.6,2940.6,0
19,60,2783.3,2783.3,0
19,61,2634.3,2634.3,0
19,62,2493.3,2493.3,0
19,63,2359.9,2359.9,0
19,64,2233.6,2233.6,0
19,65,2114.1,2114.1,0
19,66,2001,2001,0
19,67,1893.9,1893.9,0
19,68,1792.5,1792.5,0
19,69,1696.6,1696.6,0
19,70,1605.8,1605.8,0
19,71,1519.9,1519.9,0
19,72,1438.5,1438.5,0
19,73,1691.3,1691.3,0
19,74,1930.5,1930.5,0
19,75,2156.9,2156.9,0
19,76,2371.3,2371.3,0
19,77,2574.1,2574.1,0
19,78,2766.1,2766.1,0
19,79,2947.8,2947.8,0
19,80,3119.8,3119.8,0
19,81,3282.6,3282.6,0
19,82,3106.9,3106.9,0
19,83,2940.6,2940.6,0
19,84,2783.3,2783.3,0
19,85,2634.3,2634.3,0
19,86,2493.3,2493.3,0
19,87,2359.9,2359.9,0
19,88,2233.6,2233.6,0
19,89,2114.1,2114.1,0
19,90,2001,2001,0
19,91,1893.9,1893.9,0
19,92,1792.5,1792.5,0
19,93,1696.6,1696.6,0
19,94,1605.8,1605.8,0
19,95,1519.9,1519.9,0
19,96,1438.5,1438.5,0
19,97,1361.6,1361.6,0
19,98,1288.7,1288.7,0
19,99,1219.7,1219.7,0
19,100,1154.5,1154.5,0
19,101,1092.7,1092.7,0
19,102,1034.2,1034.2,0
19,103,978.85,978.85,0
19,104,926.47,926.47,0
19,105,876.89,876.89,0
19,106,829.96,829.96,0
19,107,785.55,785.55,0
19,108,743.51,743.51,0
19,109,703.72,703.72,0
19,110,666.06,666.06,0
19,111,630.42,630.42,0
19,112,596.68,596.68,0
19,113,564.75,564.75,0
19,114,534.53,534.53,0
19,115,505.92,505.92,0
19,116,478.85,478.85,0
19,117,453.22,453.22,0
19,118,428.97,428.97,0
19,119,406.01,406.01,0
19,120,384.28,384.28,0
19,121,363.72,363.72,0
19,122,344.25,344.25,0
19,123,325.83,325.83,0
19,124,308.39,308.39,0
19,125,291.89,291.89,0
19,126,276.27,276.27,0
19,127,261.49,261.49,0
19,128,247.49,247.49,0
19,129,234.25,234.25,0
19,130,221.71,221.71,0
20,0,0,0,0
20,0,0,0,0
20,1,1181,1181,0
20,2,3271.1,3271.1,0
20,3,4285.2,4285.2,0
20,4,4321.2,4321.2,0
20,5,4149.2,4149.2,0
20,6,3940.3,3940.3,0
20,7,3732.4,3732.4,0
20,8,3533.3,3533.3,0
20,9,3344.4,3344.4,0
20,10,3165.4,3165.4,0
20,11,2996.1,2996.1,0
20,12,2835.7,2835.7,0
20,13,3865,3865,0
20,14,5811.4,5811.4,0
20,15,6689.6,6689.6,0
20,16,6596.9,6596.9,0
20,17,6303.1,6303.1,0
20,18,5979,5979,0
20,19,5662,5662,0
20,20,5359.6,5359.6,0
20,21,5073,5073,0
20,22,4801.5,4801.5,0
20,23,4544.6,4544.6,0
20,24,4301.4,4301.4,0
20,25,5252.2,5252.2,0
20,26,7124.4,7124.4,0
20,27,7932.3,7932.3,0
20,28,7773.1,7773.1,0
20,29,7416.4,7416.4,0
20,30,7032.7,7032.7,0
20,31,6659.3,6659.3,0
20,32,6303.6,6303.6,0
20,33,5966.4,5966.4,0
20,34,5647.1,5647.1,0
20,35,5344.9,5344.9,0
20,36,5058.9,5058.9,0
20,37,4788.2,4788.2,0
20,38,4531.9,4531.9,0
20,39,4289.4,4289.4,0
20,40,4059.9,4059.9,0
20,41,3842.6,3842.6,0
20,42,3637,3637,0
20,43,3442.3,3442.3,0
20,44,3258.1,3258.1,0
20,45,3083.8,3083.8,0
20,46,2918.7,2918.7,0
20,47,2762.5,2762.5,0
20,48,2614.7,2614.7,0
20,49,2474.8,2474.8,0
20,50,0,0,0
20,50,0,0,0
20,51,4505.3,4505.3,0
20,52,5269.5,5269.5,0
20,53,5211.8,5211.8,0
20,54,4982.9,4982.9,0
20,55,4727.5,4727.5,0
20,56,4477,4477,0
20,57,4237.9,4237.9,0
20,58,4011.3,4011.3,0
20,59,3796.6,3796.6,0
20,60,3593.5,3593.5,0
20,61,3401.2,3401.2,0
20,62,3219.1,3219.1,0
20,63,7552.2,7552.2,0
20,64,8153.3,8153.3,0
20,65,7941.3,7941.3,0
20,66,7566.4,7566.4,0
20,67,7172.6,7172.6,0
20,68,6791.3,6791.3,0
20,69,6428.4,6428.4,0
20,70,6084.5,6084.5,0
20,71,5758.9,5758.9,0
20,72,5450.7,5450.7,0
20,73,5159,5159,0
20,74,4883,4883,0
20,75,9127,9127,0
20,76,9643.8,9643.8,0
20,77,9352,9352,0
20,78,8901.6,8901.6,0
20,79,8436.4,8436.4,0
20,80,7987.4,7987.4,0
20,81,7560.5,7560.5,0
20,82,7156.1,7156.1,0
20,83,6773.1,6773.1,0
20,84,6410.7,6410.7,0
20,85,6067.6,6067.6,0
20,86,5742.9,5742.9,0
20,87,9940.9,9940.9,0
20,88,10414,10414,0
20,89,10081,10081,0
20,90,9591.7,9591.7,0
20,91,9089.6,9089.6,0
20,92,8605.7,8605.7,0
20,93,8145.7,8145.7,0
20,94,7709.9,7709.9,0
20,95,7297.3,7297.3,0
20,96,6906.8,6906.8,0
20,97,6537.2,6537.2,0
20,98,6187.4,6187.4,0
20,99,5856.3,5856.3,0
20,100,5542.9,5542.9,0
20,101,5246.2,5246.2,0
20,102,4965.5,4965.5,0
20,103,4699.8,4699.8,0
20,104,4448.2,4448.2,0
20,105,4210.2,4210.2,0
20,106,3984.9,3984.9,0
20,107,3771.6,3771.6,0
20,108,3569.8,3569.8,0
20,109,3378.8,3378.8,0
20,110,3198,3198,0
20,111,3026.8,3026.8,0
20,112,2864.8,2864.8,0
20,113,2711.5,2711.5,0
20,114,2566.4,2566.4,0
20,115,2429.1,2429.1,0
20,116,2299.1,2299.1,0
20,117,2176,2176,0
20,118,2059.6,2059.6,0
20,119,1949.4,1949.4,0
20,120,1845.1,1845.1,0
20,121,1746.3,1746.3,0
20,122,1652.9,1652.9,0
20,123,1564.4,1564.4,0
20,124,1480.7,1480.7,0
20,125,1401.5,1401.5,0
20,126,1326.5,1326.5,0
20,127,1255.5,1255.5,0
20,128,1188.3,1188.3,0
20,129,1124.7,1124.7,0
20,130,1064.5,1064.5,0
21,0,0,0,0
21,0,0,0,0
21,1,1181,1181,0
21,2,3271.1,3271.1,0
21,3,4285.2,4285.2,0
21,4,4321.2,4321.2,0
21,5,4149.2,4149.2,0
21,6,3940.3,3940.3,0
21,7,3732.4,3732.4,0
21,8,3533.3,3533.3,0
21,9,3344.4,3344.4,0
21,10,3165.4,3165.4,0
21,11,2996.1,2996.1,0
21,12,2835.7,2835.7,0
21,13,3865,3865,0
21,14,5811.4,5811.4,0
21,15,6689.6,6689.6,0
21,16,6596.9,6596.9,0
21,17,6303.1,6303.1,0
21,18,5979,5979,0
21,19,5662,5662,0
21,20,5359.6,5359.6,0
21,21,5073,5073,0
21,22,4801.5,4801.5,0
21,23,4544.6,4544.6,0
21,24,4301.4,4301.4,0
21,25,5252.2,5252.2,0
21,26,7124.4,7124.4,0
21,27,7932.3,7932.3,0
21,28,7773.1,7773.1,0
21,29,7416.4,7416.4,0
21,30,7032.7,7032.7,0
21,31,6659.3,6659.3,0
21,32,6303.6,6303.6,0
21,33,5966.4,5966.4,0
21,34,5647.1,5647.1,0
21,35,5344.9,5344.9,0
21,36,5058.9,5058.9,0
21,37,5969.2,5969.2,0
21,38,7803,7803,0
21,39,8574.6,8574.6,0
21,40,8381.1,8381.1,0
21,41,7991.8,7991.8,0
21,42,7577.3,7577.3,0
21,43,7174.7,7174.7,0
21,44,6791.4,6791.4,0
21,45,6428.1,6428.1,0
21,46,6084.2,6084.2,0
21,47,5758.6,5758.6,0
21,48,5450.4,5450.4,0
21,49,5158.7,5158.7,0
21,50,0,0,0
21,50,0,0,0
21,51,0,0,0
21,52,0,0,0
21,53,0,0,0
21,54,0,0,0
21,54,0,0,0
21,55,4505.3,4505.3,0
21,56,5269.5,5269.5,0
21,57,5211.8,5211.8,0
21,58,4982.9,4982.9,0
21,59,4727.5,4727.5,0
21,60,4477,4477,0
21,61,4237.9,4237.9,0
21,62,4011.3,4011.3,0
21,63,3796.6,3796.6,0
21,64,3593.5,3593.5,0
21,65,3401.2,3401.2,0
21,66,3219.1,3219.1,0
21,67,3046.9,3046.9,0
21,68,2883.8,2883.8,0
21,69,2729.5,2729.5,0
21,70,2583.4,2583.4,0
21,71,6950.5,6950.5,0
21,72,7583.8,7583.8,0
21,73,7402.3,7402.3,0
21,74,7056.2,7056.2,0
21,75,6689.8,6689.8,0
21,76,6334.2,6334.2,0
21,77,5995.8,5995.8,0
21,78,5675.1,5675.1,0
21,79,5371.4,5371.4,0
21,80,5084,5084,0
21,81,4811.9,4811.9,0
21,82,4554.4,4554.4,0
21,83,4310.7,4310.7,0
21,84,4080,4080,0
21,85,3861.6,3861.6,0
21,86,3655,3655,0
21,87,7964.7,7964.7,0
21,88,8543.8,8543.8,0
21,89,8310.8,8310.8,0
21,90,7916.1,7916.1,0
21,91,7503.7,7503.7,0
21,92,7104.6,7104.6,0
21,93,6725,6725,0
21,94,6365.2,6365.2,0
21,95,6024.6,6024.6,0
21,96,5702.2,5702.2,0
21,97,5397,5397,0
21,98,5108.2,5108.2,0
21,99,4834.9,4834.9,0
21,100,4576.1,4576.1,0
21,101,4331.2,4331.2,0
21,102,4099.4,4099.4,0
21,103,3880.1,3880.1,0
21,104,3672.4,3672.4,0
21,105,3475.9,3475.9,0
21,106,3289.9,3289.9,0
21,107,3113.8,3113.8,0
21,108,2947.2,2947.2,0
21,109,2789.5,2789.5,0
21,110,2640.2,2640.2,0
21,111,2498.9,2498.9,0
21,112,2365.2,2365.2,0
21,113,2238.6,2238.6,0
21,114,2118.8,2118.8,0
21,115,2005.4,2005.4,0
21,116,1898.1,1898.1,0
21,117,1796.5,1796.5,0
21,118,1700.4,1700.4,0
21,119,1609.4,1609.4,0
21,120,1523.3,1523.3,0
21,121,1441.7,1441.7,0
21,122,1364.6,1364.6,0
21,123,1291.6,1291.6,0
21,124,1222.4,1222.4,0
21,125,1157,1157,0
21,126,1095.1,1095.1,0
21,127,1036.5,1036.5,0
21,128,981.03,981.03,0
21,129,928.53,928.53,0
21,130,878.84,878.84,0
22,0,0,0,0
22,0,0,0,0
22,1,1181,1181,0
22,2,3271.1,3271.1,0
22,3,4285.2,4285.2,0
22,4,4321.2,4321.2,0
22,5,4149.2,4149.2,0
22,6,3940.3,3940.3,0
22,7,3732.4,3732.4,0
22,8,3533.3,3533.3,0
22,9,3344.4,3344.4,0
22,10,3165.4,3165.4,0
22,11,2996.1,2996.1,0
22,12,2835.7,2835.7,0
22,13,3865,3865,0
22,14,5811.4,5811.4,0
22,15,6689.6,6689.6,0
22,16,6596.9,6596.9,0
22,17,6303.1,6303.1,0
22,18,5979,5979,0
22,19,5662,5662,0
22,20,5359.6,5359.6,0
22,21,5073,5073,0
22,22,4801.5,4801.5,0
22,23,4544.6,4544.6,0
22,24,4301.4,4301.4,0
22,25,5252.2,5252.2,0
22,26,7124.4,7124.4,0
22,27,7932.3,7932.3,0
22,28,7773.1,7773.1,0
22,29,7416.4,7416.4,0
22,30,7032.7,7032.7,0
22,31,6659.3,6659.3,0
22,32,6303.6,6303.6,0
22,33,5966.4,5966.4,0
22,34,5647.1,5647.1,0
22,35,5344.9,5344.9,0
22,36,5058.9,5058.9,0
22,37,5969.2,5969.2,0
22,38,7803,7803,0
22,39,8574.6,8574.6,0
22,40,8381.1,8381.1,0
22,41,7991.8,7991.8,0
22,42,7577.3,7577.3,0
22,43,7174.7,7174.7,0
22,44,6791.4,6791.4,0
22,45,6428.1,6428.1,0
22,46,6084.2,6084.2,0
22,47,5758.6,5758.6,0
22,48,5450.4,5450.4,0
22,49,5158.7,5158.7,0
22,50,0,0,0
22,50,0,0,0
22,51,0,0,0
22,52,0,0,0
22,53,0,0,0
22,54,0,0,0
22,54,0,0,0
22,55,4505.3,4505.3,0
22,56,5269.5,5269.5,0
22,57,5211.8,5211.8,0
22,58,4982.9,4982.9,0
22,59,4727.5,4727.5,0
22,60,0,4477,-4477
22,61,0,4237.9,-4237.9
22,62,0,4011.3,-4011.3
22,63,0,3796.6,-3796.6
22,64,0,3593.5,-3593.5
22,65,0,3401.2,-3401.2
22,66,0,3219.1,-3219.1
22,67,0,3046.9,-3046.9
22,68,0,2883.8,-2883.8
22,69,0,2729.5,-2729.5
22,70,0,2583.4,-2583.4
22,71,4505.3,6950.5,-2445.2
22,72,5269.5,7583.8,-2314.3
22,73,5211.8,7402.3,-2190.5
22,74,4982.9,7056.2,-2073.3
22,75,4727.5,6689.8,-1962.3
22,76,4477,6334.2,-1857.2
22,77,4237.9,5995.8,-1757.9
22,78,4011.3,5675.1,-1663.8
22,79,3796.6,5371.4,-1574.8
22,80,3593.5,5084,-1490.5
22,81,3401.2,4811.9,-1410.7
22,82,3219.1,4554.4,-1335.3
22,83,3046.9,4310.7,-1263.8
22,84,2883.8,4080,-1196.2
22,85,2729.5,3861.6,-1132.1
22,86,2583.4,3655,-1071.6
22,87,6950.5,7964.7,-1014.2
22,88,7583.8,8543.8,-959.999999999999
22,89,7402.3,8310.8,-908.499999999999
22,90,7056.2,7916.1,-859.900000000001
22,91,6689.8,7503.7,-813.9
22,92,6334.2,7104.6,-770.400000000001
22,93,5995.8,6725,-729.2
22,94,5675.1,6365.2,-690.099999999999
22,95,5371.4,6024.6,-653.200000000001
22,96,5084,5702.2,-618.2
22,97,4811.9,5397,-585.1
22,98,4554.4,5108.2,-553.8
22,99,4310.7,4834.9,-524.2
22,100,4080,4576.1,-496.1
22,101,3861.6,4331.2,-469.6
22,102,3655,4099.4,-444.4
22,103,3459.4,3880.1,-420.7
22,104,3274.3,3672.4,-398.1
22,105,3099,3475.9,-376.9
22,106,2933.2,3289.9,-356.7
22,107,2776.2,3113.8,-337.6
22,108,2627.7,2947.2,-319.5
22,109,2487,2789.5,-302.5
22,110,2353.9,2640.2,-286.3
22,111,2228,2498.9,-270.9
22,112,2108.7,2365.2,-256.5
22,113,1995.9,2238.6,-242.7
22,114,1889.1,2118.8,-229.7
22,115,1788,2005.4,-217.4
22,116,1692.3,1898.1,-205.8
22,117,1601.7,1796.5,-194.8
22,118,1516,1700.4,-184.4
22,119,1434.9,1609.4,-174.5
22,120,1358.1,1523.3,-165.2
22,121,1285.4,1441.7,-156.3
22,122,1216.6,1364.6,-148
22,123,1151.5,1291.6,-140.1
22,124,1089.9,1222.4,-132.5
22,125,1031.6,1157,-125.4
22,126,976.37,1095.1,-118.73
22,127,924.12,1036.5,-112.38
22,128,874.67,981.03,-106.36
22,129,827.86,928.53,-100.67
22,130,783.56,878.84,-95.2800000000001
23,0,1891.9,1891.9,0
23,0,1891.9,1891.9,0
23,1,5545.1,5545.1,0
23,2,6086.1,6086.1,0
23,3,5947.3,5947.3,0
23,4,5670.8,5670.8,0
23,5,5376.6,5376.6,0
23,6,5090.9,5090.9,0
23,7,4819,4819,0
23,8,4561.2,4561.2,0
23,9,4317.1,4317.1,0
23,10,4086.1,4086.1,0
23,11,3867.4,3867.4,0
23,12,4606.4,4606.4,0
23,12,4606.4,4606.4,0
23,13,6237.1,6237.1,0
23,14,6322.2,6322.2,0
23,15,6077.3,6077.3,0
23,16,5773,5773,0
23,17,5468.7,5468.7,0
23,18,5177.1,5177.1,0
23,19,4900.2,4900.2,0
23,20,4638.1,4638.1,0
23,21,4389.9,4389.9,0
23,22,4154.9,4154.9,0
23,23,3932.6,3932.6,0
23,24,3722.1,3722.1,0
23,25,7277.4,7277.4,0
23,26,7725.7,7725.7,0
23,27,7499.2,7499.2,0
23,28,7139.5,7139.5,0
23,29,6766.8,6766.8,0
23,30,6406.7,6406.7,0
23,31,6064.3,6064.3,0
23,32,5739.9,5739.9,0
23,33,5432.8,5432.8,0
23,34,5142,5142,0
23,35,4866.9,4866.9,0
23,36,4606.4,4606.4,0
23,37,6237.1,6237.1,0
23,38,6322.2,6322.2,0
23,39,6077.3,6077.3,0
23,40,5773,5773,0
23,41,5468.7,5468.7,0
23,42,5177.1,5177.1,0
23,43,4900.2,4900.2,0
23,44,4638.1,4638.1,0
23,45,4389.9,4389.9,0
23,46,4154.9,4154.9,0
23,47,3932.6,3932.6,0
23,48,3722.1,3722.1,0
23,49,7277.4,7277.4,0
23,50,7725.7,7725.7,0
23,51,7499.2,7499.2,0
23,52,7139.5,7139.5,0
23,53,6766.8,6766.8,0
23,54,6406.7,6406.7,0
23,55,6064.3,6064.3,0
23,56,5739.9,5739.9,0
23,57,5432.8,5432.8,0
23,58,5142,5142,0
23,59,4866.9,4866.9,0
23,60,4606.4,4606.4,0
23,61,6237.1,6237.1,0
23,62,6322.2,6322.2,0
23,63,6077.3,6077.3,0
23,64,5773,5773,0
23,65,5468.7,5468.7,0
23,66,5177.1,5177.1,0
23,67,4900.2,4900.2,0
23,68,4638.1,4638.1,0
23,69,4389.9,4389.9,0
23,70,4154.9,4154.9,0
23,71,3932.6,3932.6,0
23,72,3722.1,3722.1,0
23,73,7277.4,7277.4,0
23,74,7725.7,7725.7,0
23,75,7499.2,7499.2,0
23,76,7139.5,7139.5,0
23,77,6766.8,6766.8,0
23,78,6406.7,6406.7,0
23,79,6064.3,6064.3,0
23,80,5739.9,5739.9,0
23,81,5432.8,5432.8,0
23,82,5142,5142,0
23,83,4866.9,4866.9,0
23,84,4606.4,4606.4,0
23,85,6237.1,6237.1,0
23,86,6322.2,6322.2,0
23,87,6077.3,6077.3,0
23,88,5773,5773,0
23,89,5468.7,5468.7,0
23,90,5177.1,5177.1,0
23,91,4900.2,4900.2,0
23,92,4638.1,4638.1,0
23,93,4389.9,4389.9,0
23,94,4154.9,4154.9,0
23,95,3932.6,3932.6,0
23,96,3722.1,3722.1,0
23,97,3523,3523,0
23,98,3334.4,3334.4,0
23,99,3156,3156,0
23,100,2987.1,2987.1,0
23,101,2827.2,2827.2,0
23,102,2675.9,2675.9,0
23,103,2532.7,2532.7,0
23,104,2397.2,2397.2,0
23,105,2268.9,2268.9,0
23,106,2147.5,2147.5,0
23,107,2032.6,2032.6,0
23,108,1923.8,1923.8,0
23,109,1820.8,1820.8,0
23,110,1723.4,1723.4,0
23,111,1631.2,1631.2,0
23,112,1543.9,1543.9,0
23,113,1461.3,1461.3,0
23,114,1383.1,1383.1,0
23,115,1309,1309,0
23,116,1239,1239,0
23,117,1172.7,1172.7,0
23,118,1109.9,1109.9,0
23,119,1050.5,1050.5,0
23,120,994.32,994.32,0
23,121,941.1,941.1,0
23,122,890.74,890.74,0
23,123,843.07,843.07,0
23,124,797.96,797.96,0
23,125,755.25,755.25,0
23,126,714.84,714.84,0
23,127,676.58,676.58,0
23,128,640.38,640.38,0
23,129,606.11,606.11,0
23,130,573.67,573.67,0
24,0,90909,90909,0
24,0,90909,90909,0
24,1,88547,88547,0
24,2,84367,84367,0
24,3,79977,79977,0
24,4,75725,75725,0
24,5,71678,71678,0
24,6,67844,67844,0
24,7,64214,64214,0
24,8,60777,60777,0
24,9,57525,57525,0
24,10,54446,54446,0
24,11,51533,51533,0
24,12,48775,48775,0
24,13,46165,46165,0
24,14,43694,43694,0
24,15,41356,41356,0
24,16,39143,39143,0
24,17,37048,37048,0
24,18,35065,35065,0
24,19,33189,33189,0
24,20,31413,31413,0
24,21,29732,29732,0
24,22,28141,28141,0
24,23,26635,26635,0
24,24,25209,25209,0
24,25,23860,23860,0
24,26,22583,22583,0
24,27,21375,21375,0
24,28,20231,20231,0
24,29,19148,19148,0
24,30,18124,18124,0
24,31,17154,17154,0
24,32,16236,16236,0
24,33,15367,15367,0
24,34,14545,14545,0
24,35,13766,13766,0
24,36,13029,13029,0
24,37,12332,12332,0
24,38,11672,11672,0
24,39,11048,11048,0
24,40,10456,10456,0
24,41,9896.8,9896.8,0
24,42,9367.2,9367.2,0
24,43,8865.9,8865.9,0
24,44,8391.5,8391.5,0
24,45,7942.4,7942.4,0
24,46,7517.4,7517.4,0
24,47,7115.1,7115.1,0
24,48,6734.3,6734.3,0
24,49,6373.9,6373.9,0
24,50,6032.8,6032.8,0
24,51,5710,5710,0
24,52,5404.4,5404.4,0
24,53,5115.2,5115.2,0
24,54,4841.5,4841.5,0
24,55,4582.4,4582.4,0
24,56,4337.1,4337.1,0
24,57,4105,4105,0
24,58,3885.4,3885.4,0
24,59,3677.4,3677.4,0
24,60,3480.6,3480.6,0
24,61,3294.4,3294.4,0
24,62,3118.1,3118.1,0
24,63,2951.2,2951.2,0
24,64,2793.3,2793.3,0
24,65,2643.8,2643.8,0
24,66,2502.3,2502.3,0
24,67,2368.4,2368.4,0
24,68,2241.7,2241.7,0
24,69,2121.7,2121.7,0
24,70,2008.2,2008.2,0
24,71,1900.7,1900.7,0
24,72,1799,1799,0
24,73,1702.7,1702.7,0
24,74,1611.6,1611.6,0
24,75,1525.3,1525.3,0
24,76,1443.7,1443.7,0
24,77,1366.4,1366.4,0
24,78,1293.3,1293.3,0
24,79,1224.1,1224.1,0
24,80,1158.6,1158.6,0
24,81,1096.6,1096.6,0
24,82,1037.9,1037.9,0
24,83,982.37,982.37,0
24,84,929.8,929.8,0
24,85,880.04,880.04,0
24,86,832.95,832.95,0
24,87,788.37,788.37,0
24,88,746.18,746.18,0
24,89,706.25,706.25,0
24,90,668.46,668.46,0
24,91,632.68,632.68,0
24,92,598.83,598.83,0
24,93,566.78,566.78,0
24,94,536.45,536.45,0
24,95,507.74,507.74,0
24,96,480.57,480.57,0
24,97,454.85,454.85,0
24,98,430.51,430.51,0
24,99,407.47,407.47,0
24,100,385.67,385.67,0
24,101,365.03,365.03,0
24,102,345.49,345.49,0
24,103,327,327,0
24,104,309.5,309.5,0
24,105,292.94,292.94,0
24,106,277.26,277.26,0
24,107,262.43,262.43,0
24,108,248.38,248.38,0
24,109,235.09,235.09,0
24,110,222.51,222.51,0
24,111,210.6,210.6,0
24,112,199.33,199.33,0
24,113,188.66,188.66,0
24,114,178.57,178.57,0
24,115,169.01,169.01,0
24,116,159.97,159.97,0
24,117,151.41,151.41,0
24,118,143.3,143.3,0
24,119,135.64,135.64,0
24,120,128.38,128.38,0
24,121,121.51,121.51,0
24,122,115,115,0
24,123,108.85,108.85,0
24,124,103.02,103.02,0
24,125,97.512,97.512,0
24,126,92.293,92.293,0
24,127,87.354,87.354,0
24,128,82.679,82.679,0
24,129,78.255,78.255,0
24,130,74.067,74.067,0
